source,path,reason
P01,src/iharq/__pycache__/cli.cpython-313.pyc,TRANSIENT_BYTECODE
P01,src/iharq/__pycache__/lineage.cpython-313.pyc,TRANSIENT_BYTECODE
P01,src/iharq/__pycache__/validation.cpython-313.pyc,TRANSIENT_BYTECODE
P01,src/iharq/__pycache__/config.cpython-312.pyc,TRANSIENT_BYTECODE
P01,src/iharq/__pycache__/errors.cpython-313.pyc,TRANSIENT_BYTECODE
P01,src/iharq/__pycache__/logging.cpython-313.pyc,TRANSIENT_BYTECODE
P01,src/iharq/__pycache__/lifecycle.cpython-313.pyc,TRANSIENT_BYTECODE
P01,src/iharq/__pycache__/__init__.cpython-313.pyc,TRANSIENT_BYTECODE
P01,src/iharq/__pycache__/gates.cpython-313.pyc,TRANSIENT_BYTECODE
P01,src/iharq/__pycache__/validation.cpython-312.pyc,TRANSIENT_BYTECODE
P01,src/iharq/__pycache__/models.cpython-313.pyc,TRANSIENT_BYTECODE
P01,src/iharq/__pycache__/cli.cpython-312.pyc,TRANSIENT_BYTECODE
P01,src/iharq/__pycache__/manifests.cpython-313.pyc,TRANSIENT_BYTECODE
P01,src/iharq/__pycache__/catalog.cpython-312.pyc,TRANSIENT_BYTECODE
P01,src/iharq/__pycache__/manifests.cpython-312.pyc,TRANSIENT_BYTECODE
P01,src/iharq/__pycache__/schemas.cpython-312.pyc,TRANSIENT_BYTECODE
P01,src/iharq/__pycache__/__init__.cpython-312.pyc,TRANSIENT_BYTECODE
P01,src/iharq/__pycache__/canonical.cpython-313.pyc,TRANSIENT_BYTECODE
P01,src/iharq/__pycache__/final_double_check_adversarial.cpython-313.pyc,TRANSIENT_BYTECODE
P01,src/iharq/__pycache__/ids.cpython-313.pyc,TRANSIENT_BYTECODE
P01,src/iharq/__pycache__/models.cpython-312.pyc,TRANSIENT_BYTECODE
P01,src/iharq/__pycache__/schemas.cpython-313.pyc,TRANSIENT_BYTECODE
P01,src/iharq/__pycache__/lifecycle.cpython-312.pyc,TRANSIENT_BYTECODE
P01,src/iharq/__pycache__/storage.cpython-313.pyc,TRANSIENT_BYTECODE
P01,src/iharq/__pycache__/lineage.cpython-312.pyc,TRANSIENT_BYTECODE
P01,src/iharq/__pycache__/review.cpython-313.pyc,TRANSIENT_BYTECODE
P01,src/iharq/__pycache__/l0_emap_l10_final_audit.cpython-313.pyc,TRANSIENT_BYTECODE
P01,src/iharq/__pycache__/catalog.cpython-313.pyc,TRANSIENT_BYTECODE
P01,src/iharq/__pycache__/canonical.cpython-312.pyc,TRANSIENT_BYTECODE
P01,src/iharq/__pycache__/errors.cpython-312.pyc,TRANSIENT_BYTECODE
P01,src/iharq/__pycache__/ids.cpython-312.pyc,TRANSIENT_BYTECODE
P01,src/iharq/__pycache__/config.cpython-313.pyc,TRANSIENT_BYTECODE
P01,src/iharq/layer9_embodiment/__pycache__/__init__.cpython-313.pyc,TRANSIENT_BYTECODE
P01,src/iharq/layer9_embodiment/__pycache__/__init__.cpython-312.pyc,TRANSIENT_BYTECODE
P01,src/iharq/layer0_claim_governance/__pycache__/__init__.cpython-313.pyc,TRANSIENT_BYTECODE
P01,src/iharq/layer0_claim_governance/__pycache__/__init__.cpython-312.pyc,TRANSIENT_BYTECODE
P01,src/iharq/layer1_data_protocol/__pycache__/pipeline.cpython-312.pyc,TRANSIENT_BYTECODE
P01,src/iharq/layer1_data_protocol/__pycache__/kaggle_adapter.cpython-313.pyc,TRANSIENT_BYTECODE
P01,src/iharq/layer1_data_protocol/__pycache__/io.cpython-313.pyc,TRANSIENT_BYTECODE
P01,src/iharq/layer1_data_protocol/__pycache__/budgets.cpython-312.pyc,TRANSIENT_BYTECODE
P01,src/iharq/layer1_data_protocol/__pycache__/splits.cpython-313.pyc,TRANSIENT_BYTECODE
P01,src/iharq/layer1_data_protocol/__pycache__/labels.cpython-312.pyc,TRANSIENT_BYTECODE
P01,src/iharq/layer1_data_protocol/__pycache__/validation.cpython-313.pyc,TRANSIENT_BYTECODE
P01,src/iharq/layer1_data_protocol/__pycache__/metadata.cpython-313.pyc,TRANSIENT_BYTECODE
P01,src/iharq/layer1_data_protocol/__pycache__/windows.cpython-312.pyc,TRANSIENT_BYTECODE
P01,src/iharq/layer1_data_protocol/__pycache__/splits.cpython-312.pyc,TRANSIENT_BYTECODE
P01,src/iharq/layer1_data_protocol/__pycache__/reason_codes.cpython-312.pyc,TRANSIENT_BYTECODE
P01,src/iharq/layer1_data_protocol/__pycache__/gates.cpython-312.pyc,TRANSIENT_BYTECODE
P01,src/iharq/layer1_data_protocol/__pycache__/quality.cpython-313.pyc,TRANSIENT_BYTECODE
P01,src/iharq/layer1_data_protocol/__pycache__/__init__.cpython-313.pyc,TRANSIENT_BYTECODE
P01,src/iharq/layer1_data_protocol/__pycache__/readiness.cpython-313.pyc,TRANSIENT_BYTECODE
P01,src/iharq/layer1_data_protocol/__pycache__/bundle.cpython-312.pyc,TRANSIENT_BYTECODE
P01,src/iharq/layer1_data_protocol/__pycache__/gates.cpython-313.pyc,TRANSIENT_BYTECODE
P01,src/iharq/layer1_data_protocol/__pycache__/validation.cpython-312.pyc,TRANSIENT_BYTECODE
P01,src/iharq/layer1_data_protocol/__pycache__/models.cpython-313.pyc,TRANSIENT_BYTECODE
P01,src/iharq/layer1_data_protocol/__pycache__/io.cpython-312.pyc,TRANSIENT_BYTECODE
P01,src/iharq/layer1_data_protocol/__pycache__/leakage.cpython-312.pyc,TRANSIENT_BYTECODE
P01,src/iharq/layer1_data_protocol/__pycache__/reason_codes.cpython-313.pyc,TRANSIENT_BYTECODE
P01,src/iharq/layer1_data_protocol/__pycache__/manifests.cpython-313.pyc,TRANSIENT_BYTECODE
P01,src/iharq/layer1_data_protocol/__pycache__/budgets.cpython-313.pyc,TRANSIENT_BYTECODE
P01,src/iharq/layer1_data_protocol/__pycache__/manifests.cpython-312.pyc,TRANSIENT_BYTECODE
P01,src/iharq/layer1_data_protocol/__pycache__/__init__.cpython-312.pyc,TRANSIENT_BYTECODE
P01,src/iharq/layer1_data_protocol/__pycache__/records.cpython-312.pyc,TRANSIENT_BYTECODE
P01,src/iharq/layer1_data_protocol/__pycache__/metadata.cpython-312.pyc,TRANSIENT_BYTECODE
P01,src/iharq/layer1_data_protocol/__pycache__/kaggle_adapter.cpython-312.pyc,TRANSIENT_BYTECODE
P01,src/iharq/layer1_data_protocol/__pycache__/preprocessing.cpython-313.pyc,TRANSIENT_BYTECODE
P01,src/iharq/layer1_data_protocol/__pycache__/labels.cpython-313.pyc,TRANSIENT_BYTECODE
P01,src/iharq/layer1_data_protocol/__pycache__/dataset_registry.cpython-313.pyc,TRANSIENT_BYTECODE
P01,src/iharq/layer1_data_protocol/__pycache__/models.cpython-312.pyc,TRANSIENT_BYTECODE
P01,src/iharq/layer1_data_protocol/__pycache__/windows.cpython-313.pyc,TRANSIENT_BYTECODE
P01,src/iharq/layer1_data_protocol/__pycache__/pipeline.cpython-313.pyc,TRANSIENT_BYTECODE
P01,src/iharq/layer1_data_protocol/__pycache__/quality.cpython-312.pyc,TRANSIENT_BYTECODE
P01,src/iharq/layer1_data_protocol/__pycache__/readiness.cpython-312.pyc,TRANSIENT_BYTECODE
P01,src/iharq/layer1_data_protocol/__pycache__/cards.cpython-312.pyc,TRANSIENT_BYTECODE
P01,src/iharq/layer1_data_protocol/__pycache__/preprocessing.cpython-312.pyc,TRANSIENT_BYTECODE
P01,src/iharq/layer1_data_protocol/__pycache__/cards.cpython-313.pyc,TRANSIENT_BYTECODE
P01,src/iharq/layer1_data_protocol/__pycache__/records.cpython-313.pyc,TRANSIENT_BYTECODE
P01,src/iharq/layer1_data_protocol/__pycache__/bundle.cpython-313.pyc,TRANSIENT_BYTECODE
P01,src/iharq/layer1_data_protocol/__pycache__/leakage.cpython-313.pyc,TRANSIENT_BYTECODE
P01,src/iharq/layer1_data_protocol/__pycache__/dataset_registry.cpython-312.pyc,TRANSIENT_BYTECODE
P01,src/iharq/layer1_data_protocol/adapters/__pycache__/lee2019_mi.cpython-313.pyc,TRANSIENT_BYTECODE
P01,src/iharq/layer1_data_protocol/adapters/__pycache__/physionet_mi.cpython-312.pyc,TRANSIENT_BYTECODE
P01,src/iharq/layer1_data_protocol/adapters/__pycache__/__init__.cpython-313.pyc,TRANSIENT_BYTECODE
P01,src/iharq/layer1_data_protocol/adapters/__pycache__/common.cpython-313.pyc,TRANSIENT_BYTECODE
P01,src/iharq/layer1_data_protocol/adapters/__pycache__/base.cpython-313.pyc,TRANSIENT_BYTECODE
P01,src/iharq/layer1_data_protocol/adapters/__pycache__/bnci2014_001.cpython-313.pyc,TRANSIENT_BYTECODE
P01,src/iharq/layer1_data_protocol/adapters/__pycache__/physionet_mi.cpython-313.pyc,TRANSIENT_BYTECODE
P01,src/iharq/layer1_data_protocol/adapters/__pycache__/__init__.cpython-312.pyc,TRANSIENT_BYTECODE
P01,src/iharq/layer1_data_protocol/adapters/__pycache__/moabb_base.cpython-313.pyc,TRANSIENT_BYTECODE
P01,src/iharq/layer1_data_protocol/adapters/__pycache__/moabb_base.cpython-312.pyc,TRANSIENT_BYTECODE
P01,src/iharq/layer1_data_protocol/adapters/__pycache__/base.cpython-312.pyc,TRANSIENT_BYTECODE
P01,src/iharq/layer1_data_protocol/adapters/__pycache__/bnci2014_001.cpython-312.pyc,TRANSIENT_BYTECODE
P01,src/iharq/layer1_data_protocol/adapters/__pycache__/lee2019_mi.cpython-312.pyc,TRANSIENT_BYTECODE
P01,src/iharq/layer4_iharq/__pycache__/__init__.cpython-313.pyc,TRANSIENT_BYTECODE
P01,src/iharq/layer4_iharq/__pycache__/__init__.cpython-312.pyc,TRANSIENT_BYTECODE
P01,src/iharq/layer7_closed_loop/__pycache__/__init__.cpython-313.pyc,TRANSIENT_BYTECODE
P01,src/iharq/layer7_closed_loop/__pycache__/__init__.cpython-312.pyc,TRANSIENT_BYTECODE
P01,src/iharq/layer2_decoders/__pycache__/__init__.cpython-313.pyc,TRANSIENT_BYTECODE
P01,src/iharq/layer2_decoders/__pycache__/__init__.cpython-312.pyc,TRANSIENT_BYTECODE
P01,src/iharq/layer3_calibration_uncertainty/__pycache__/__init__.cpython-313.pyc,TRANSIENT_BYTECODE
P01,src/iharq/layer3_calibration_uncertainty/__pycache__/__init__.cpython-312.pyc,TRANSIENT_BYTECODE
P01,src/iharq/layer6_readiness_policy/__pycache__/__init__.cpython-313.pyc,TRANSIENT_BYTECODE
P01,src/iharq/layer6_readiness_policy/__pycache__/__init__.cpython-312.pyc,TRANSIENT_BYTECODE
P01,src/iharq/layer8_stressforge/__pycache__/__init__.cpython-313.pyc,TRANSIENT_BYTECODE
P01,src/iharq/layer8_stressforge/__pycache__/__init__.cpython-312.pyc,TRANSIENT_BYTECODE
P01,src/iharq/layer10_reproducibility/__pycache__/__init__.cpython-313.pyc,TRANSIENT_BYTECODE
P01,src/iharq/layer10_reproducibility/__pycache__/__init__.cpython-312.pyc,TRANSIENT_BYTECODE
P01,src/iharq/layer5_regimerisk/__pycache__/__init__.cpython-313.pyc,TRANSIENT_BYTECODE
P01,src/iharq/layer5_regimerisk/__pycache__/__init__.cpython-312.pyc,TRANSIENT_BYTECODE
P01,runtime_overlays/__pycache__/iharq_bounded_streaming.cpython-313.pyc,TRANSIENT_BYTECODE
P01,runtime_overlays/__pycache__/iharq_acquisition_acceleration.cpython-313.pyc,TRANSIENT_BYTECODE
P01,runtime_overlays/__pycache__/iharq_window_shard_reader.cpython-313.pyc,TRANSIENT_BYTECODE
