cell_id,purpose,command,terminal_status,included_in_analysis,evidence_class,exit_code,stdout_log,stderr_log,limitation
P00-CELL-AUTHORITY-INTAKE,Verify authority/source identities and requirement disposition,python scripts/run_local_first_finalization_audit.py,PASS,YES,ENGINEERING_FOUNDATION_CONFORMANCE,0,reports/phase_00_analysis/execution_release_R2/cell_logs/01_P00-CELL-AUTHORITY-INTAKE_stdout.log,reports/phase_00_analysis/execution_release_R2/cell_logs/01_P00-CELL-AUTHORITY-INTAKE_stderr.log,NON_EMPIRICAL; NON_CLAIM_BEARING
P00-CELL-SCHEMA-COVERAGE,Validate JSON Schema and record-family coverage,python scripts/run_static_checks.py,PASS,YES,ENGINEERING_FOUNDATION_CONFORMANCE,0,reports/phase_00_analysis/execution_release_R2/cell_logs/02_P00-CELL-SCHEMA-COVERAGE_stdout.log,reports/phase_00_analysis/execution_release_R2/cell_logs/02_P00-CELL-SCHEMA-COVERAGE_stderr.log,NON_EMPIRICAL; NON_CLAIM_BEARING
P00-CELL-CONFIG-RESOLUTION,Resolve strict P00 configuration,python -m iharq.cli phase validate-inputs --phase P00 --profile configs/phases/p00.yaml,PASS,YES,ENGINEERING_FOUNDATION_CONFORMANCE,0,reports/phase_00_analysis/execution_release_R2/cell_logs/03_P00-CELL-CONFIG-RESOLUTION_stdout.log,reports/phase_00_analysis/execution_release_R2/cell_logs/03_P00-CELL-CONFIG-RESOLUTION_stderr.log,NON_EMPIRICAL; NON_CLAIM_BEARING
P00-CELL-IDENTITY-JCS-HASH,"Validate typed IDs, canonical serialization, SHA-256 and golden vectors",python -m pytest -q tests/test_canonical.py tests/test_lineage_lifecycle.py,PASS,YES,ENGINEERING_FOUNDATION_CONFORMANCE,0,reports/phase_00_analysis/execution_release_R2/cell_logs/04_P00-CELL-IDENTITY-JCS-HASH_stdout.log,reports/phase_00_analysis/execution_release_R2/cell_logs/04_P00-CELL-IDENTITY-JCS-HASH_stderr.log,NON_EMPIRICAL; NON_CLAIM_BEARING
P00-CELL-VALID-FIXTURES,Accept all valid and integrated non-empirical fixtures,python -m pytest -q tests/test_valid_fixtures.py,PASS,YES,ENGINEERING_FOUNDATION_CONFORMANCE,0,reports/phase_00_analysis/execution_release_R2/cell_logs/05_P00-CELL-VALID-FIXTURES_stdout.log,reports/phase_00_analysis/execution_release_R2/cell_logs/05_P00-CELL-VALID-FIXTURES_stderr.log,NON_EMPIRICAL; NON_CLAIM_BEARING
P00-CELL-MALFORMED-FIXTURES,Reject the complete malformed taxonomy,python -m pytest -q tests/test_negative_fixtures.py tests/test_audit1_negative_fixtures.py tests/test_audit2_negative_fixtures.py tests/test_audit3_negative_fixtures.py,PASS,YES,ENGINEERING_FOUNDATION_CONFORMANCE,0,reports/phase_00_analysis/execution_release_R2/cell_logs/06_P00-CELL-MALFORMED-FIXTURES_stdout.log,reports/phase_00_analysis/execution_release_R2/cell_logs/06_P00-CELL-MALFORMED-FIXTURES_stderr.log,NON_EMPIRICAL; NON_CLAIM_BEARING
P00-CELL-VALIDATOR-TEST-COVERAGE,Run complete deterministic suite,python -m pytest -q -p no:cacheprovider,PASS,YES,ENGINEERING_FOUNDATION_CONFORMANCE,0,reports/phase_00_analysis/execution_release_R2/cell_logs/07_P00-CELL-VALIDATOR-TEST-COVERAGE_stdout.log,reports/phase_00_analysis/execution_release_R2/cell_logs/07_P00-CELL-VALIDATOR-TEST-COVERAGE_stderr.log,NON_EMPIRICAL; NON_CLAIM_BEARING
P00-CELL-A0-A13-READINESS,Verify A0-A13 readiness and reject A14,python scripts/run_phase0_final_implementation_audit.py,PASS,YES,ENGINEERING_FOUNDATION_CONFORMANCE,0,reports/phase_00_analysis/execution_release_R2/cell_logs/08_P00-CELL-A0-A13-READINESS_stdout.log,reports/phase_00_analysis/execution_release_R2/cell_logs/08_P00-CELL-A0-A13-READINESS_stderr.log,NON_EMPIRICAL; NON_CLAIM_BEARING
P00-CELL-L0-L3-INTEGRATION,Verify L0-L3 integration foundation,python scripts/run_official_layer_audit_1.py,PASS,YES,ENGINEERING_FOUNDATION_CONFORMANCE,0,reports/phase_00_analysis/execution_release_R2/cell_logs/09_P00-CELL-L0-L3-INTEGRATION_stdout.log,reports/phase_00_analysis/execution_release_R2/cell_logs/09_P00-CELL-L0-L3-INTEGRATION_stderr.log,NON_EMPIRICAL; NON_CLAIM_BEARING
P00-CELL-POLICY-UPDATE,Verify update-enabled policy traceability,python scripts/run_official_layer_audit_2.py,PASS,YES,ENGINEERING_FOUNDATION_CONFORMANCE,0,reports/phase_00_analysis/execution_release_R2/cell_logs/10_P00-CELL-POLICY-UPDATE_stdout.log,reports/phase_00_analysis/execution_release_R2/cell_logs/10_P00-CELL-POLICY-UPDATE_stderr.log,NON_EMPIRICAL; NON_CLAIM_BEARING
P00-CELL-FROZEN-EVALUATION,Verify frozen-evaluation immutability,python scripts/run_official_layer_audit_2.py,PASS,YES,ENGINEERING_FOUNDATION_CONFORMANCE,0,reports/phase_00_analysis/execution_release_R2/cell_logs/11_P00-CELL-FROZEN-EVALUATION_stdout.log,reports/phase_00_analysis/execution_release_R2/cell_logs/11_P00-CELL-FROZEN-EVALUATION_stderr.log,NON_EMPIRICAL; NON_CLAIM_BEARING
P00-CELL-L8-STRESS-LINEAGE,Verify clean-to-stressed lineage and limitations,python scripts/run_official_layer_audit_3.py,PASS,YES,ENGINEERING_FOUNDATION_CONFORMANCE,0,reports/phase_00_analysis/execution_release_R2/cell_logs/12_P00-CELL-L8-STRESS-LINEAGE_stdout.log,reports/phase_00_analysis/execution_release_R2/cell_logs/12_P00-CELL-L8-STRESS-LINEAGE_stderr.log,NON_EMPIRICAL; NON_CLAIM_BEARING
P00-CELL-L9-EMBODIMENT-PROXY,Verify simulation-only embodiment proxy contracts,python scripts/run_official_layer_audit_3.py,PASS,YES,ENGINEERING_FOUNDATION_CONFORMANCE,0,reports/phase_00_analysis/execution_release_R2/cell_logs/13_P00-CELL-L9-EMBODIMENT-PROXY_stdout.log,reports/phase_00_analysis/execution_release_R2/cell_logs/13_P00-CELL-L9-EMBODIMENT-PROXY_stderr.log,NON_EMPIRICAL; NON_CLAIM_BEARING
P00-CELL-L10-READ-ONLY,Verify Layer 10 source-only behavior,python scripts/run_official_layer_audit_3.py,PASS,YES,ENGINEERING_FOUNDATION_CONFORMANCE,0,reports/phase_00_analysis/execution_release_R2/cell_logs/14_P00-CELL-L10-READ-ONLY_stdout.log,reports/phase_00_analysis/execution_release_R2/cell_logs/14_P00-CELL-L10-READ-ONLY_stderr.log,NON_EMPIRICAL; NON_CLAIM_BEARING
P00-CELL-MANIFEST-RECONCILIATION,Regenerate and compare repository manifest,python scripts/reconcile_repository_manifest.py && python scripts/reconcile_repository_manifest.py --check,PASS,YES,ENGINEERING_FOUNDATION_CONFORMANCE,0,reports/phase_00_analysis/execution_release_R2/cell_logs/15_P00-CELL-MANIFEST-RECONCILIATION_stdout.log,reports/phase_00_analysis/execution_release_R2/cell_logs/15_P00-CELL-MANIFEST-RECONCILIATION_stderr.log,NON_EMPIRICAL; NON_CLAIM_BEARING
P00-CELL-LOCAL-REPRODUCTION,Reproduce from clean isolated local copy,isolated local reproduction executed as bounded steps,PASS,YES,ENGINEERING_FOUNDATION_CONFORMANCE,0,reports/phase_00_analysis/execution_release_R2/cell_logs/16_P00-CELL-LOCAL-REPRODUCTION_stdout.log,reports/phase_00_analysis/execution_release_R2/cell_logs/16_P00-CELL-LOCAL-REPRODUCTION_stderr.log,NON_EMPIRICAL; NON_CLAIM_BEARING
P00-CELL-PACKAGE-INTEGRITY,Build and verify repository-ready archive,python -m iharq.cli package build --output protocol_package_test.zip && python -m iharq.cli package verify --archive protocol_package_test.zip,PASS,YES,ENGINEERING_FOUNDATION_CONFORMANCE,0,reports/phase_00_analysis/execution_release_R2/cell_logs/17_P00-CELL-PACKAGE-INTEGRITY_stdout.log,reports/phase_00_analysis/execution_release_R2/cell_logs/17_P00-CELL-PACKAGE-INTEGRITY_stderr.log,NON_EMPIRICAL; NON_CLAIM_BEARING
P00-CELL-FUTURE-PHASE-CONTRACTS,Verify P00-P15 reusable contracts and L0-L10 foundations,python scripts/run_phase0_final_implementation_audit.py,PASS,YES,ENGINEERING_FOUNDATION_CONFORMANCE,0,reports/phase_00_analysis/execution_release_R2/cell_logs/18_P00-CELL-FUTURE-PHASE-CONTRACTS_stdout.log,reports/phase_00_analysis/execution_release_R2/cell_logs/18_P00-CELL-FUTURE-PHASE-CONTRACTS_stderr.log,NON_EMPIRICAL; NON_CLAIM_BEARING
P00-CELL-NEXT-DOCUMENT-READINESS,Verify six downstream readiness packages,python scripts/run_local_first_finalization_audit.py,PASS,YES,ENGINEERING_FOUNDATION_CONFORMANCE,0,reports/phase_00_analysis/execution_release_R2/cell_logs/19_P00-CELL-NEXT-DOCUMENT-READINESS_stdout.log,reports/phase_00_analysis/execution_release_R2/cell_logs/19_P00-CELL-NEXT-DOCUMENT-READINESS_stderr.log,NON_EMPIRICAL; NON_CLAIM_BEARING
