artifact_id,producer_phase,producer_layer,artifact_type,canonical_location,schema,status,immediate_consumer,later_consumers,required_or_optional,availability,integrity,limitations,ready
P02-PREDICTION-SUBSTRATE,P02,L2,PredictionRecord partitions,execution/runtime/manifests/record_partitions/PredictionRecord,iharq://schemas/p02/predictionrecord/v1,CURRENT_CANONICAL,P03/L3,L4-L10; reproduction,REQUIRED,"POINTER_BACKED; 1,014 partition manifests local; heavy rows recoverable from preferred workspace",Stage20 required prediction/support fields PASS,conditional score semantics; preserve class order and lineage,YES
P02-MODEL-REGISTRY,P02,L2,ModelRegistryRecord + checkpoint lineage,execution/runtime/records/ModelRegistryRecord,iharq://schemas/p02/modelregistryrecord/v1,CURRENT_CANONICAL,P03/L3,later decoder consumers; reproduction,REQUIRED,672 light ModelRegistryRecord rows local; heavy checkpoints external where applicable,672 rows/partition manifests; checkpoint SHA fields governed,conditional branch failures/skips remain visible,YES
P02-BASELINE-METRICS,P02,L2,BaselineMetricRecord,execution/runtime/records/BaselineMetricRecord,iharq://schemas/p02/baselinemetricrecord/v1,CURRENT_CANONICAL,P03 context,Analysis/Layer0/EvidenceMap/Layer10,REQUIRED_CONTEXT,LOCAL,"2,625 rows; schema frozen",A0 raw accept-all semantics; use governed aggregation,YES
P02-LOW-LABEL-CURVES,P02,L2,LowCalibrationCurveRecord,execution/runtime/records/LowCalibrationCurveRecord,iharq://schemas/p02/lowcalibrationcurverecord/v1,CURRENT_CANONICAL,P03 context,later low-label analyses/Layer10,REQUIRED_CONTEXT,LOCAL,36 rows; schema frozen,one frozen subset per budget; not repeated-subset stability evidence,YES
P02-SUBJECT-PROFILES,P02,L2,SubjectProfileRecord,execution/runtime/records/SubjectProfileRecord,iharq://schemas/p02/subjectprofilerecord/v1,CURRENT_CANONICAL,P03 context,L5/L6/L8/L10,OPTIONAL_BUT_GOVERNED,LOCAL,18 rows; schema frozen,participant scope follows frozen test population,YES
P02-A4-CONTROLS,P02,L2,EnsembleControlRecord + A4 analysis inputs,execution/runtime/records/EnsembleControlRecord,iharq://schemas/p02/ensemblecontrolrecord/v1,CURRENT_CANONICAL,P03 context,L4/L10/reproduction,OPTIONAL_CONTEXT,LOCAL,342 records + governed A4 analysis inputs,single canonical refit repeat/deep anchor budgets; Stage18S separate post-hoc,YES
P02-FAILURE-INDEX,P02,L2,FailureCaseIndex,execution/runtime/records/FailureCaseIndex,iharq://schemas/p02/failurecaseindex/v1,CURRENT_CANONICAL,P03/L3,all affected consumers,REQUIRED_SUPPORT,LOCAL,648 records; schema frozen,do not conflate failure/skip/incompatibility classes,YES
P02-NEGATIVE-NOTES,P02,L2,NegativeResultNote,execution/runtime/records/NegativeResultNote,iharq://schemas/p02/negativeresultnote/v1,CURRENT_CANONICAL,P03/L3,Layer0/EvidenceMap/Layer10/Paper,REQUIRED_SUPPORT,LOCAL,340 records; schema frozen,negative result does not imply universal ineffectiveness,YES
P02-DIAGNOSTIC-FLAGS,P02,L2,DiagnosticOnlyFlag,execution/runtime/records/DiagnosticOnlyFlag,iharq://schemas/p02/diagnosticonlyflag/v1,CURRENT_CANONICAL,P03/L3,all affected consumers,REQUIRED_SUPPORT,LOCAL,309 records; schema frozen,diagnostic artifacts are non-claim-bearing unless separately governed,YES
P02-L2-READINESS-P03,P02,L2,Layer2ReadinessReport,execution/runtime/records/Layer2ReadinessReport/dataset=ALL/branch=READINESS/budget=ALL/P02-L2-READINESS-P03.jsonl,iharq://schemas/p02/layer2readinessreport/v1,CURRENT_CANONICAL,P03,release/reproduction,REQUIRED,LOCAL,compatibility_status=PASS; missing_fields=[]; blocking_reasons=[],inherits all persistent P02 limitations,YES
P02-A0-ANALYSIS,P02,L2,A0 metrics/statistics contract,execution/runtime/analysis_inputs/a0_completion.json,P02 cumulative analysis contract,CURRENT_CANONICAL,P03 context,Analysis/Layer0/EvidenceMap/Layer10,REQUIRED_CONTEXT,LOCAL,678 terminal cells reconciled,no universal decoder winner claim,YES
P02-A4-ANALYSIS,P02,L2,A4 comparison/statistics contract,execution/runtime/analysis_inputs/a4_completion.json,P02 cumulative analysis contract,CURRENT_CANONICAL,P03 context,Analysis/Layer0/EvidenceMap/Layer10,OPTIONAL_CONTEXT,LOCAL,"1,218 terminal cells reconciled",resource-constrained evidence ceiling applies,YES
P02-STAGE11-12-LINEAGE,P02,L2,Stage11/12 correction/amendment lineage,execution/runtime/analysis_inputs/training_policy_challenger_completion.json,Protocol amendment/successor records,CURRENT_CANONICAL,P03 reproduction context,Paper/reproduction,REQUIRED_HISTORY,LOCAL,accepted vs diagnostic lineage preserved,post-observation/source-informed amendments; do not retrospectively normalize,YES
P02-STAGE18S,P02,L2,Stage18S sensitivity supplement,execution/runtime/analysis_inputs/stage18S_R1_decision_support_summary.json,P02 Stage18S handoff,CURRENT_CANONICAL,P03 context,future A4 design/Layer10,OPTIONAL_CONTEXT,LOCAL,supplement PASS; canonical Stage18 unchanged,POST_HOC/DESCRIPTIVE/SENSITIVITY only,YES
P02-RECORD-SCHEMA-FREEZE,P02,L2,Frozen P02 record schemas,execution/implementation/contracts/record_schema_freeze.yaml,P02-RECORD-SCHEMA-FREEZE-R2,CURRENT_CANONICAL,P03/L3,P04+ loaders/reproduction,REQUIRED,LOCAL,10 governed record schemas; predecessor mutation prohibited,owner-routed warnings/comparison reports remain separate,YES
P02-TO-P03-CONTRACT,P02,L2,P03 input contract,execution/implementation/contracts/p03_handoff_contract.yaml,P02-TO-P03-INPUT-CONTRACT-R1,CURRENT_CANONICAL,P03,later phase intake templates,REQUIRED,LOCAL,contract parsed and reconciled with Stage20 readiness,P03 may calibrate/threshold; P02 may not,YES
P02-RUN-FREEZE-CONFIG,P02,L2,Run/config/freeze identity,authorities/protocol_v1/IHARQ_Protocol_v1_0_Final_Through_Phase_02_R1.md,Protocol v1 cumulative,CURRENT_CANONICAL,P03 intake,reproduction/audit,REQUIRED,LOCAL,run/config/freeze identities parity checked,recorded environment/config scope,YES
P02-ANALYSIS-CONTRACT,P02,L2,Frozen 38-input Phase Analysis contract,authorities/protocol_v1/protocol_v1_0/machine_readable/analysis_contract.yaml,Cumulative Protocol analysis contract,CURRENT_CANONICAL,reproduction,Paper/EvidenceMap,REQUIRED,LOCAL,38 canonical P02 analysis inputs verified in prior finalization,analysis-only; no new confirmatory tests,YES
P02-PREFERRED-WORKSPACE,P02,L2,Preferred full P02 workspace snapshot,handoff/external_artifact_retrieval.yaml,HF immutable dataset revision,CURRENT_CANONICAL,P03,P04-P15/reproduction,REQUIRED_FOR_HEAVY_BYTES,PRIVATE_EXTERNAL,"manifest + per-object index + 17,089 runtime entries reconciled; 0 unmatched",requires symbolic IHARQ_HF_TOKEN_P02; live remote not claimed,YES
P02-ARCHIVAL-RELEASE,P02,L2,Archival/chunked P02 release,handoff/external_artifact_retrieval.yaml,HF immutable archival revision,CURRENT_CANONICAL,reproduction/archive,P03-P15 fallback,FALLBACK,PRIVATE_EXTERNAL,10 uploaded object paths/sizes/SHA recorded,fallback; preferred workspace remains direct continuation source,YES
P01-UPSTREAM-DATA,P01,L1,Inherited P01 dataset/split/preprocessing/window identities,authorities/protocol_v1/protocol_v1_0/machine_readable/external_artifact_access_contract.yaml,P01 frozen identities,CURRENT_CANONICAL,P03 via P02 lineage,P04-P15,REQUIRED_UPSTREAM,PRIVATE_EXTERNAL_POINTERS,immutable P01 pointers/manifests preserved,requires predecessor access route; no silent relabel/split/window mutation,YES
P00-P02-PROTOCOL,P00-P02,project,Cumulative Protocol v1.0,authorities/protocol_v1/IHARQ_Protocol_v1_0_Final_Through_Phase_02_R1.md,IHARQ-PROTOCOL-V1-CUMULATIVE-THROUGH-P02-R1,CURRENT_CANONICAL,P03 intake,all downstream governance/reproduction,REQUIRED,LOCAL,source finalization validation preserved,phase-specific historical rules remain scoped,YES
P00-P02-ANALYSIS,P00-P02,project,Cumulative Phase Analysis,analysis/IHARQ_Cumulative_Phase_Evidence_Results_and_Interpretation_Through_P02_Final_R1.md,IHARQ-CUMULATIVE-PHASE-ANALYSIS-THROUGH-P02-FINAL-R1,CURRENT_CANONICAL,P03 context,Layer0/EvidenceMap/Paper,REQUIRED_CONTEXT,LOCAL,235/235 cumulative pre-PDF checks + P02 431/431 source semantic checks,scientific limitations carried,YES
P00-P02-LAYER0,P00-P02,L0,Cumulative Layer0 governance,layer0/Layer_0_Claim_Governance_Through_P02.md,IHARQ-CUMULATIVE-LAYER0-THROUGH-P02-R1,CURRENT_CANONICAL,EvidenceMap/Layer10,Paper/P03 context,REQUIRED_GOVERNANCE,LOCAL,37 governed claims; historical decisions preserved,claims remain bounded by Layer0,YES
P00-P02-EVIDMAP,P00-P02,EvidenceMap,Cumulative Evidence Map,evidence_map/evidence_map.yaml,IHARQ-CUMULATIVE-EVIDENCE-MAP-THROUGH-P02-R1,CURRENT_CANONICAL,Layer10/P03 provenance,Paper/reproduction,REQUIRED_PROVENANCE,LOCAL,37 claims / 49 findings / 69 evidence nodes / 47 artifacts / 146 relationships,external literature separated from project evidence,YES
P00-P02-LAYER10,P00-P02,L10,Cumulative Layer10 package,layer10/Layer_10_Artifact_Package_Through_P02.md,Layer10 cumulative R1,CURRENT_CANONICAL,Paper/Thesis,later communication,REQUIRED_PRESENTATION,LOCAL,14 figures + 13 supporting tables with source provenance,read-only science; claim-safe captions,YES
P02-STAGE20-24,P02,L2,Readiness/handoff/evidence/export gates and underlying artifacts,execution/runtime/manifests/stage_artifacts,runtime stage artifacts,CURRENT_CANONICAL,P03/reproduction,all downstream consumers,REQUIRED_CLOSURE_SUPPORT,LOCAL,Stage20/22/23/24 PASS; underlying readiness/contract/manifest artifacts included,"gate PASS is supporting evidence, not sole basis",YES
