path,source,old_sha256,new_sha256,status
final_state/through_p02/analysis/table_source_data/p02/P02_Table_A4_C4_C5_statistics.csv,current/phase_02/kaggle_run_light/runtime/table_source_data/p02/P02_Table_A4_C4_C5_statistics.csv,24ca5408cd1c361b83adb18baf9a3d663d94b67cf29d91347069ede160d9c0de,73d7cf0d136c0a9ba55b238f32fbcf08cff85114497ce10397803a0f961c0990,UPDATED
final_state/through_p02/analysis/table_source_data/p02/P02_Table_A4_burden_summary.csv,current/phase_02/kaggle_run_light/runtime/table_source_data/p02/P02_Table_A4_burden_summary.csv,3e87d26a7dd5281aef48fd5526ba44675902451ac4fe64d3b5d321571fa1fb2e,654e02536988454bc1c6134b5058b55c50c52d77623c87b3a09af0b35a168382,UPDATED
final_state/through_p02/analysis/table_source_data/p02/P02_Table_A4_role_condition_summary.csv,current/phase_02/kaggle_run_light/runtime/table_source_data/p02/P02_Table_A4_role_condition_summary.csv,c8a4958910d7db18fa1d0156f9c1883f124601927151f641a4bbbfe0439f2e9b,a3095d00f2907a40c64623cb68e51ae94f5728584ae4ec1235af43cd8f4fc148,UPDATED
final_state/through_p02/analysis/table_source_data/p02/P02_Table_A4_role_control_statistics.csv,current/phase_02/kaggle_run_light/runtime/table_source_data/p02/P02_Table_A4_role_control_statistics.csv,d1ad0b94fb337e4cc75708e7a64f96b36a3025626826a5df7cbaf5bb3a24cbdb,b18e959824964fc49593de7e87f54ab18c9bb5499cd7a7884afaf16dea2cf97c,UPDATED
final_state/through_p02/analysis/table_source_data/p02/P02_Table_Stage18S_high_budget_64_128_256_summary.csv,current/phase_02/kaggle_run_light/runtime/table_source_data/p02/P02_Table_Stage18S_high_budget_64_128_256_summary.csv,,954e2a8650d17501187d99691cc5199e147e9633fb16e66c414aab5585098715,ADDED
final_state/through_p02/analysis/table_source_data/p02/P02_Table_Stage18S_nine_budget_sensitivity.csv,current/phase_02/kaggle_run_light/runtime/table_source_data/p02/P02_Table_Stage18S_nine_budget_sensitivity.csv,,e3245685c598ea7855ac19c951b056ad746936de944db204430fac4dda42be92,ADDED
final_state/through_p02/analysis/table_source_data/p02/P02_Table_Stage18S_six_anchor_stability_by_budget.csv,current/phase_02/kaggle_run_light/runtime/table_source_data/p02/P02_Table_Stage18S_six_anchor_stability_by_budget.csv,,a34fb04e68ab62cca2658ae828684bfce723dda58acb2c068bb5044a04b72dde,ADDED
final_state/through_p02/analysis/table_source_data/p02/P02_Table_Stage18S_six_budget_sensitivity.csv,current/phase_02/kaggle_run_light/runtime/table_source_data/p02/P02_Table_Stage18S_six_budget_sensitivity.csv,0dd430789a9af6d95340663629db6aadbb75409720a73b87110cad66002e9589,e3245685c598ea7855ac19c951b056ad746936de944db204430fac4dda42be92,UPDATED
final_state/through_p02/analysis/table_source_data/p02/P02_Table_Stage18S_three_repeat_anchor_stability.csv,current/phase_02/kaggle_run_light/runtime/table_source_data/p02/P02_Table_Stage18S_three_repeat_anchor_stability.csv,9f234c9721066123a98380893e917dd32ae9656ee7aa5b850237e8e9b396564f,e804fc4145a7cc94ec097306a02c97cc476715e2196854e0654b8b9ef819b9a5,UPDATED
final_state/through_p02/analysis/table_source_data/p02/P02_Table_failure_category_breakdown.csv,current/phase_02/kaggle_run_light/runtime/table_source_data/p02/P02_Table_failure_category_breakdown.csv,4f97a4abe453faf85d02b320d99ed52a152247bc7d25d12c49d6dbe16820ae8e,00c7079dfed566079a941af3312d04620849e9ffe176b79eb75c8fd177b05ef6,UPDATED
final_state/through_p02/analysis/table_source_data/p02/P02_Table_failure_code_summary.csv,current/phase_02/kaggle_run_light/runtime/table_source_data/p02/P02_Table_failure_code_summary.csv,0feca6efadf88a9793a147cdf5a3dd3127ae62638ad90dc274d488c7f6a23146,9536db6233d613677aa446efc85c5c505a497da57ddd749edcb6b3c74be71ddf,UPDATED
final_state/through_p02/analysis/table_source_data/p02/P02_Table_low_label_BACC.csv,current/phase_02/kaggle_run_light/runtime/table_source_data/p02/P02_Table_low_label_BACC.csv,2c3d377c97853deb9c0c489e3b551e11d5fae540c89029ea489510de11e77de1,5ea883b5b607e8ca6a5555500db6155258a2a0367fb3747bb8709218efdc4af9,UPDATED
final_state/through_p02/analysis/table_source_data/p02/P02_Table_low_label_budget_deltas.csv,current/phase_02/kaggle_run_light/runtime/table_source_data/p02/P02_Table_low_label_budget_deltas.csv,2a65e9e28402aa16421e014fe009613e866ccd0b7cbd80ea40d1971a7c8f705d,8c138c5e0e2994cae20a2d5dd7a3f0c0e5b33f6cdf2e5f4024aaf70be1839685,UPDATED
final_state/through_p02/analysis/table_source_data/p02/P02_Table_low_label_budget_leaders_and_rank_changes.csv,current/phase_02/kaggle_run_light/runtime/table_source_data/p02/P02_Table_low_label_budget_leaders_and_rank_changes.csv,421992f8677557cc431f99ae67af5a7fc8ebf5a1a08b8e238457a4a6fd99b6bc,bd5c8b9e2970a8b4a9f6ba9b8ec9a6a0d5830be134a3d48b91bee63b06d43c6b,UPDATED
final_state/through_p02/analysis/table_source_data/p02/P02_Table_low_label_exact_deltas_and_ranks.csv,current/phase_02/kaggle_run_light/runtime/table_source_data/p02/P02_Table_low_label_exact_deltas_and_ranks.csv,1a3d3a919b1fa5c4a0e18bb79957838a5aefa2a20cf4f7efff92f56d98cbb429,e68061e048c630eb74bb8d1e3afc71a0ee5a65accad21eee97cd48f20ffdbd49,UPDATED
final_state/through_p02/analysis/table_source_data/p02/P02_Table_low_label_interval_deltas.csv,current/phase_02/kaggle_run_light/runtime/table_source_data/p02/P02_Table_low_label_interval_deltas.csv,1b9370106a35ed362abe1bb4da0ef16a59683757ec06f47055b7ab3f3a62e0fc,6b717df23fcc3f51d96d2a3a99fdc8438410b27fc39d90ba02f97af35719656e,UPDATED
