prompt_section,heading,implementation_evidence,status
0,ROLE,PART I-III + p02_source_utilization_R4.json + decision/reuse/gap matrices,PASS
1,PRIMARY FINALIZATION OBJECTIVE,PART I-III + p02_source_utilization_R4.json + decision/reuse/gap matrices,PASS
2,THIS IS A DOUBLE-CHECK + TRIPLE-CHECK + FINALIZATION PASS,PART I-III + p02_source_utilization_R4.json + decision/reuse/gap matrices,PASS
3,NON-REGRESSION REQUIREMENT,PART I-III + p02_source_utilization_R4.json + decision/reuse/gap matrices,PASS
4,TARGET PHASE AND LAYER,PART I-III + p02_source_utilization_R4.json + decision/reuse/gap matrices,PASS
5,FUNDAMENTAL PHASE/LAYER PRINCIPLE,PART I-III + p02_source_utilization_R4.json + decision/reuse/gap matrices,PASS
6,COMPLETE SOURCE UNIVERSE — MANDATORY,PART I-III + p02_source_utilization_R4.json + decision/reuse/gap matrices,PASS
7,GOVERNANCE V6.1,PART I-III + p02_source_utilization_R4.json + decision/reuse/gap matrices,PASS
8,SEVEN CORE AUTHORITY DOCUMENTS — EXHAUSTIVE USE REQUIRED,PART I-III + p02_source_utilization_R4.json + decision/reuse/gap matrices,PASS
9,PREVIOUS/CURRENT IMPLEMENTATION BUILD BOOK,PART I-III + p02_source_utilization_R4.json + decision/reuse/gap matrices,PASS
10,CUMULATIVE PROTOCOL v1.0 THROUGH P01,PART I-III + p02_source_utilization_R4.json + decision/reuse/gap matrices,PASS
11,PHASE ANALYSIS REPORT THROUGH P01,PART I-III + p02_source_utilization_R4.json + decision/reuse/gap matrices,PASS
12,LAYER 0 THROUGH P01,PART I-III + p02_source_utilization_R4.json + decision/reuse/gap matrices,PASS
13,CUMULATIVE EVIDENCE MAP THROUGH P01,PART I-III + p02_source_utilization_R4.json + decision/reuse/gap matrices,PASS
14,LAYER 10 THROUGH P01,PART I-III + p02_source_utilization_R4.json + decision/reuse/gap matrices,PASS
15,P00/P01 EXECUTION BUNDLES,PART I-III + p02_source_utilization_R4.json + decision/reuse/gap matrices,PASS
16,PRIOR KAGGLE NOTEBOOKS,PART I-III + p02_source_utilization_R4.json + decision/reuse/gap matrices,PASS
17,ALL RELEVANT HANDOFFS,PART I-III + p02_source_utilization_R4.json + decision/reuse/gap matrices,PASS
18,CURRENT CUMULATIVE PROJECT ZIP,PART I-III + p02_source_utilization_R4.json + decision/reuse/gap matrices,PASS
19,AUTHORITY DOCUMENTS VS GENERATED GOVERNED STATE,PART I-III + p02_source_utilization_R4.json + decision/reuse/gap matrices,PASS
20,DECISION RESOLUTION — DO NOT PREMATURELY DECLARE TBD,PART I-III + p02_source_utilization_R4.json + decision/reuse/gap matrices,PASS
21,MANDATORY DECISION-RESOLUTION ORDER,PART I-III + p02_source_utilization_R4.json + decision/reuse/gap matrices,PASS
22,CROSS-DOCUMENT SYNTHESIS IS REQUIRED,PART I-III + p02_source_utilization_R4.json + decision/reuse/gap matrices,PASS
23,OWNER-DECISION RULE,PART I-III + p02_source_utilization_R4.json + decision/reuse/gap matrices,PASS
24,STRETCH VERSION REQUIREMENT,PART I-III + p02_source_utilization_R4.json + decision/reuse/gap matrices,PASS
25,OFFICIAL LAYER 2 MODULE AUDIT,PART IV-VI + p02_l2_submodule_capability_matrix_R4.yaml + model/reuse matrices,PASS
26,SUBMODULE / CAPABILITY EXHAUSTION,PART IV-VI + p02_l2_submodule_capability_matrix_R4.yaml + model/reuse matrices,PASS
27,COMPLETE MODULE DOSSIER REQUIREMENT,PART IV-VI + p02_l2_submodule_capability_matrix_R4.yaml + model/reuse matrices,PASS
28,ARCHITECTURE → METHOD SELECTION → NUTS-AND-BOLTS → BUILD BOOK CROSSWALK,PART IV-VI + p02_l2_submodule_capability_matrix_R4.yaml + model/reuse matrices,PASS
29,COMPLETE MODEL PORTFOLIO,PART IV-VI + p02_l2_submodule_capability_matrix_R4.yaml + model/reuse matrices,PASS
30,CONDITIONAL MODEL ADMISSION GATES,PART IV-VI + p02_l2_submodule_capability_matrix_R4.yaml + model/reuse matrices,PASS
31,MINIMUM LAWFUL BASELINE FLOOR,PART IV-VI + p02_l2_submodule_capability_matrix_R4.yaml + model/reuse matrices,PASS
32,REUSE-FIRST AUDIT,PART IV-VI + p02_l2_submodule_capability_matrix_R4.yaml + model/reuse matrices,PASS
33,IMMUTABLE P01 INPUT CONTRACT,PART III/X + input/output/schema freeze + PredictionRecord/model registry dossiers,PASS
34,RECORD AND INTERFACE EXHAUSTION,PART III/X + input/output/schema freeze + PredictionRecord/model registry dossiers,PASS
35,COMPLETE RECORD DOSSIERS,PART III/X + input/output/schema freeze + PredictionRecord/model registry dossiers,PASS
36,PREDICTIONRECORD FREEZE-CRITICAL AUDIT,PART III/X + input/output/schema freeze + PredictionRecord/model registry dossiers,PASS
37,MODEL REGISTRY AUDIT,PART III/X + input/output/schema freeze + PredictionRecord/model registry dossiers,PASS
38,COMPLETE A0–A13 RESPONSIBILITY MATRIX,PART VII + ablation ownership/full-execution/analysis-input matrices + R4 evaluation traceability,PASS
39,CRITICAL ABLATION RULE — FULL PHASE OWNERSHIP MEANS FULL EXECUTION,PART VII + ablation ownership/full-execution/analysis-input matrices + R4 evaluation traceability,PASS
40,FULL ABLATIONS MUST HAVE RUN CELLS,PART VII + ablation ownership/full-execution/analysis-input matrices + R4 evaluation traceability,PASS
41,FULL ABLATIONS MUST HAVE KAGGLE STAGES,PART VII + ablation ownership/full-execution/analysis-input matrices + R4 evaluation traceability,PASS
42,FULL ABLATIONS MUST BE FULLY EVALUATED,PART VII + ablation ownership/full-execution/analysis-input matrices + R4 evaluation traceability,PASS
43,PHASE ANALYSIS DOES NOT COMPLETE MISSING ABLATIONS,PART VII + ablation ownership/full-execution/analysis-input matrices + R4 evaluation traceability,PASS
44,A0 AUDIT,PART VII + ablation ownership/full-execution/analysis-input matrices + R4 evaluation traceability,PASS
45,A4 AUDIT,PART VII + ablation ownership/full-execution/analysis-input matrices + R4 evaluation traceability,PASS
46,DOWNSTREAM ABLATION BOUNDARY,PART VII + ablation ownership/full-execution/analysis-input matrices + R4 evaluation traceability,PASS
47,CRITICAL EVALUATION-COMPLETENESS RULE,PART VII + ablation ownership/full-execution/analysis-input matrices + R4 evaluation traceability,PASS
48,EXECUTION VS ANALYSIS BOUNDARY,PART VII + ablation ownership/full-execution/analysis-input matrices + R4 evaluation traceability,PASS
49,ANALYSIS-INPUT COMPLETENESS MATRIX,PART VII + ablation ownership/full-execution/analysis-input matrices + R4 evaluation traceability,PASS
50,METRIC DICTIONARY EXHAUSTION,PART VIII-XV + run/metric/stat/split/checkpoint/environment/resource/failure contracts,PASS
51,STATISTICAL/EVALUATION CONTRACT,PART VIII-XV + run/metric/stat/split/checkpoint/environment/resource/failure contracts,PASS
52,COMPLETE RUN MATRIX,PART VIII-XV + run/metric/stat/split/checkpoint/environment/resource/failure contracts,PASS
53,SCIENTIFIC DISTINCTNESS,PART VIII-XV + run/metric/stat/split/checkpoint/environment/resource/failure contracts,PASS
54,SEED POLICY,PART VIII-XV + run/metric/stat/split/checkpoint/environment/resource/failure contracts,PASS
55,BUDGET POLICY,PART VIII-XV + run/metric/stat/split/checkpoint/environment/resource/failure contracts,PASS
56,SPLIT VISIBILITY / LEAKAGE MATRIX,PART VIII-XV + run/metric/stat/split/checkpoint/environment/resource/failure contracts,PASS
57,MODEL-LOCAL TRANSFORM GOVERNANCE,PART VIII-XV + run/metric/stat/split/checkpoint/environment/resource/failure contracts,PASS
58,SCORE AND CLASS-ORDER SEMANTICS,PART VIII-XV + run/metric/stat/split/checkpoint/environment/resource/failure contracts,PASS
59,CHECKPOINT GOVERNANCE,PART VIII-XV + run/metric/stat/split/checkpoint/environment/resource/failure contracts,PASS
60,PRETRAINED / SSL GOVERNANCE,PART VIII-XV + run/metric/stat/split/checkpoint/environment/resource/failure contracts,PASS
61,LICENSE GOVERNANCE,PART VIII-XV + run/metric/stat/split/checkpoint/environment/resource/failure contracts,PASS
62,ENVIRONMENT FREEZE,PART VIII-XV + run/metric/stat/split/checkpoint/environment/resource/failure contracts,PASS
63,RESOURCE GOVERNANCE,PART VIII-XV + run/metric/stat/split/checkpoint/environment/resource/failure contracts,PASS
64,FAILURE TAXONOMY,PART VIII-XV + run/metric/stat/split/checkpoint/environment/resource/failure contracts,PASS
65,FAILURE / NEGATIVE EVIDENCE PRESERVATION,PART VIII-XV + run/metric/stat/split/checkpoint/environment/resource/failure contracts,PASS
66,COMPLETE TEST ARCHITECTURE,PART XVI-XIX + test/gate/playbook/notebook/bundle/artifact/figure/table mappings,PASS
67,NEGATIVE TESTING,PART XVI-XIX + test/gate/playbook/notebook/bundle/artifact/figure/table mappings,PASS
68,GOLDEN VECTOR TESTING,PART XVI-XIX + test/gate/playbook/notebook/bundle/artifact/figure/table mappings,PASS
69,CHECKPOINT ROUND-TRIP,PART XVI-XIX + test/gate/playbook/notebook/bundle/artifact/figure/table mappings,PASS
70,COMPLETE GATE MATRIX,PART XVI-XIX + test/gate/playbook/notebook/bundle/artifact/figure/table mappings,PASS
71,PLAYBOOK EXHAUSTION,PART XVI-XIX + test/gate/playbook/notebook/bundle/artifact/figure/table mappings,PASS
72,KAGGLE NOTEBOOK DESIGN COMPLETENESS,PART XVI-XIX + test/gate/playbook/notebook/bundle/artifact/figure/table mappings,PASS
73,ONE-NOTEBOOK FULL-SCOPE RULE,PART XVI-XIX + test/gate/playbook/notebook/bundle/artifact/figure/table mappings,PASS
74,EXECUTION BUNDLE EXHAUSTION,PART XVI-XIX + test/gate/playbook/notebook/bundle/artifact/figure/table mappings,PASS
75,ARTIFACT EXHAUSTION,PART XVI-XIX + test/gate/playbook/notebook/bundle/artifact/figure/table mappings,PASS
76,FIGURE-SOURCE DATA,PART XVI-XIX + test/gate/playbook/notebook/bundle/artifact/figure/table mappings,PASS
77,TABLE-SOURCE DATA,PART XVI-XIX + test/gate/playbook/notebook/bundle/artifact/figure/table mappings,PASS
78,NO LAYER 10 SCIENTIFIC RECOMPUTATION,PART XVI-XIX + test/gate/playbook/notebook/bundle/artifact/figure/table mappings,PASS
79,PROTOCOL v1.0 HANDOFF,PART XX downstream handoffs + limitation/repair lessons,PASS
80,PHASE ANALYSIS HANDOFF,PART XX downstream handoffs + limitation/repair lessons,PASS
81,LAYER 0 HANDOFF,PART XX downstream handoffs + limitation/repair lessons,PASS
82,EVIDENCE MAP HANDOFF,PART XX downstream handoffs + limitation/repair lessons,PASS
83,LAYER 10 HANDOFF,PART XX downstream handoffs + limitation/repair lessons,PASS
84,PHASE 03 HANDOFF,PART XX downstream handoffs + limitation/repair lessons,PASS
85,DOWNSTREAM LAYER OWNERSHIP,PART XX downstream handoffs + limitation/repair lessons,PASS
86,PRIOR LIMITATION PROPAGATION,PART XX downstream handoffs + limitation/repair lessons,PASS
87,PREVIOUS REPAIR LESSONS,PART XX downstream handoffs + limitation/repair lessons,PASS
88,REQUIREMENT TRACEABILITY MATRIX,R4 requirement/method/evaluation/ablation/artifact/source traceability derivatives,PASS
89,METHOD TRACEABILITY MATRIX,R4 requirement/method/evaluation/ablation/artifact/source traceability derivatives,PASS
90,EVALUATION TRACEABILITY MATRIX,R4 requirement/method/evaluation/ablation/artifact/source traceability derivatives,PASS
91,ABLATION TRACEABILITY MATRIX,R4 requirement/method/evaluation/ablation/artifact/source traceability derivatives,PASS
92,ARTIFACT TRACEABILITY MATRIX,R4 requirement/method/evaluation/ablation/artifact/source traceability derivatives,PASS
93,SOURCE UTILIZATION AUDIT,R4 requirement/method/evaluation/ablation/artifact/source traceability derivatives,PASS
94,INTER-AUTHORITY HARMONY,R4 harmony/non-regression/design-quality audits,PASS
95,PRIOR-STATE HARMONY,R4 harmony/non-regression/design-quality audits,PASS
96,CROSS-PHASE HARMONY,R4 harmony/non-regression/design-quality audits,PASS
97,CROSS-LAYER HARMONY,R4 harmony/non-regression/design-quality audits,PASS
98,INTRA-BUILD-BOOK HARMONY,R4 harmony/non-regression/design-quality audits,PASS
99,NO RESULT-DEPENDENT DESIGN,R4 harmony/non-regression/design-quality audits,PASS
100,NO QUALITY REDUCTION,R4 harmony/non-regression/design-quality audits,PASS
101,NO UNJUSTIFIED COMPLEXITY,R4 harmony/non-regression/design-quality audits,PASS
102,FIRST FULL CHECK,R4 first/second/third/adversarial + Kaggle/Analysis/L10/P03 simulations and finishing pass,PASS
103,SECOND INDEPENDENT CHECK,R4 first/second/third/adversarial + Kaggle/Analysis/L10/P03 simulations and finishing pass,PASS
104,THIRD OMISSION-FOCUSED CHECK,R4 first/second/third/adversarial + Kaggle/Analysis/L10/P03 simulations and finishing pass,PASS
105,ADVERSARIAL REVIEW,R4 first/second/third/adversarial + Kaggle/Analysis/L10/P03 simulations and finishing pass,PASS
106,KAGGLE IMPLEMENTATION SIMULATION,R4 first/second/third/adversarial + Kaggle/Analysis/L10/P03 simulations and finishing pass,PASS
107,PHASE ANALYSIS SIMULATION,R4 first/second/third/adversarial + Kaggle/Analysis/L10/P03 simulations and finishing pass,PASS
108,LAYER 10 SIMULATION,R4 first/second/third/adversarial + Kaggle/Analysis/L10/P03 simulations and finishing pass,PASS
109,P03 SIMULATION,R4 first/second/third/adversarial + Kaggle/Analysis/L10/P03 simulations and finishing pass,PASS
110,FINAL FINISHING PASS,R4 first/second/third/adversarial + Kaggle/Analysis/L10/P03 simulations and finishing pass,PASS
111,ZERO-UNRESOLVED SEARCH,R4 zero-unresolved/security/definition-of-done/final-validation/freeze sections,PASS
112,SECRET / SECURITY AUDIT,R4 zero-unresolved/security/definition-of-done/final-validation/freeze sections,PASS
113,DEFINITION OF DONE,R4 zero-unresolved/security/definition-of-done/final-validation/freeze sections,PASS
114,FINAL VALIDATION SUMMARY,R4 zero-unresolved/security/definition-of-done/final-validation/freeze sections,PASS
115,SUCCESS CONDITION,R4 zero-unresolved/security/definition-of-done/final-validation/freeze sections,PASS
116,BLOCKED CONDITION,R4 zero-unresolved/security/definition-of-done/final-validation/freeze sections,PASS
117,REVISION LOGIC,R4 zero-unresolved/security/definition-of-done/final-validation/freeze sections,PASS
118,FINAL COMMAND,R4 zero-unresolved/security/definition-of-done/final-validation/freeze sections,PASS
