comparison_id,dataset_id,condition_id,budget_id,repeat,strongest_constituent_branch,closure_status,n,median_delta_BACC,p_value,holm_adjusted_p,rank_biserial,ci_low,ci_high
P02-A4-PhysioNetMI-ENSEMBLE-A4-C4-MODEL-HARD-VOTE-FULL_TRAIN-ER00:VS_STRONGEST,PhysioNetMI,A4-C4-MODEL-HARD-VOTE,FULL_TRAIN,0,DNN-EEGNET,COMPLETE,11.0,-0.0267857142857143,0.037109375,0.07421875,-0.7454545454545455,-0.15217391304347827,-0.005952380952380931
P02-A4-PhysioNetMI-ENSEMBLE-A4-C5-MODEL-PROB-AVG-FULL_TRAIN-ER00:VS_STRONGEST,PhysioNetMI,A4-C5-MODEL-PROB-AVG,FULL_TRAIN,0,DNN-EEGNET,COMPLETE,11.0,-0.0267857142857143,0.123046875,0.123046875,-0.5454545454545454,-0.08794466403162049,0.0039525691699604515
P02-A4-PhysioNetMI-ENSEMBLE-A4-C4-MODEL-HARD-VOTE-FULL_TRAIN-ER01:VS_STRONGEST,PhysioNetMI,A4-C4-MODEL-HARD-VOTE,FULL_TRAIN,1,DNN-EEGNET,COMPLETE,11.0,-0.04166666666666674,0.123046875,0.24609375,-0.5454545454545454,-0.08893280632411071,-0.0009881422924901129
P02-A4-PhysioNetMI-ENSEMBLE-A4-C5-MODEL-PROB-AVG-FULL_TRAIN-ER01:VS_STRONGEST,PhysioNetMI,A4-C5-MODEL-PROB-AVG,FULL_TRAIN,1,DNN-EEGNET,COMPLETE,11.0,-0.06126482213438744,0.123046875,0.24609375,-0.5454545454545454,-0.10770750988142291,0.011904761904761862
P02-A4-PhysioNetMI-ENSEMBLE-A4-C4-MODEL-HARD-VOTE-FULL_TRAIN-ER02:VS_STRONGEST,PhysioNetMI,A4-C4-MODEL-HARD-VOTE,FULL_TRAIN,2,DNN-EEGNET,COMPLETE,11.0,-0.014880952380952439,0.900390625,1.0,-0.05454545454545454,-0.10869565217391308,0.042490118577075076
P02-A4-PhysioNetMI-ENSEMBLE-A4-C5-MODEL-PROB-AVG-FULL_TRAIN-ER02:VS_STRONGEST,PhysioNetMI,A4-C5-MODEL-PROB-AVG,FULL_TRAIN,2,DNN-EEGNET,COMPLETE,11.0,0.005952380952380931,0.8984375,1.0,0.06060606060606061,-0.08498023715415026,0.01976284584980237
P02-A4-PhysioNetMI-ENSEMBLE-A4-C4-MODEL-HARD-VOTE-FULL_TRAIN-ER03:VS_STRONGEST,PhysioNetMI,A4-C4-MODEL-HARD-VOTE,FULL_TRAIN,3,DNN-EEGNET,COMPLETE,11.0,-0.021739130434782594,0.1640625,0.328125,-0.5555555555555556,-0.12944664031620545,0.0
P02-A4-PhysioNetMI-ENSEMBLE-A4-C5-MODEL-PROB-AVG-FULL_TRAIN-ER03:VS_STRONGEST,PhysioNetMI,A4-C5-MODEL-PROB-AVG,FULL_TRAIN,3,DNN-EEGNET,COMPLETE,11.0,-0.03952569169960485,0.009765625,0.328125,-0.8484848484848485,-0.13043478260869568,-0.021739130434782483
P02-A4-PhysioNetMI-ENSEMBLE-A4-C4-MODEL-HARD-VOTE-FULL_TRAIN-ER04:VS_STRONGEST,PhysioNetMI,A4-C4-MODEL-HARD-VOTE,FULL_TRAIN,4,DNN-EEGNET,COMPLETE,11.0,-0.04347826086956519,0.0185546875,0.037109375,-0.7878787878787878,-0.13043478260869568,-0.011904761904761862
P02-A4-PhysioNetMI-ENSEMBLE-A4-C5-MODEL-PROB-AVG-FULL_TRAIN-ER04:VS_STRONGEST,PhysioNetMI,A4-C5-MODEL-PROB-AVG,FULL_TRAIN,4,DNN-EEGNET,COMPLETE,11.0,-0.011904761904761862,0.76953125,0.76953125,-0.12727272727272726,-0.066205533596838,0.04166666666666663
P02-A4-PhysioNetMI-ENSEMBLE-A4-C4-MODEL-HARD-VOTE-P01-L1-LOW-CAL-OFFICIAL-R2:1_PER_CLASS-ER00:VS_STRONGEST,PhysioNetMI,A4-C4-MODEL-HARD-VOTE,P01-L1-LOW-CAL-OFFICIAL-R2:1_PER_CLASS,0,,GOVERNED_NON_SUCCESS,,,,,,,
P02-A4-PhysioNetMI-ENSEMBLE-A4-C5-MODEL-PROB-AVG-P01-L1-LOW-CAL-OFFICIAL-R2:1_PER_CLASS-ER00:VS_STRONGEST,PhysioNetMI,A4-C5-MODEL-PROB-AVG,P01-L1-LOW-CAL-OFFICIAL-R2:1_PER_CLASS,0,,GOVERNED_NON_SUCCESS,,,,,,,
P02-A4-PhysioNetMI-ENSEMBLE-A4-C4-MODEL-HARD-VOTE-P01-L1-LOW-CAL-OFFICIAL-R2:1_PER_CLASS-ER01:VS_STRONGEST,PhysioNetMI,A4-C4-MODEL-HARD-VOTE,P01-L1-LOW-CAL-OFFICIAL-R2:1_PER_CLASS,1,,GOVERNED_NON_SUCCESS,,,,,,,
P02-A4-PhysioNetMI-ENSEMBLE-A4-C5-MODEL-PROB-AVG-P01-L1-LOW-CAL-OFFICIAL-R2:1_PER_CLASS-ER01:VS_STRONGEST,PhysioNetMI,A4-C5-MODEL-PROB-AVG,P01-L1-LOW-CAL-OFFICIAL-R2:1_PER_CLASS,1,,GOVERNED_NON_SUCCESS,,,,,,,
P02-A4-PhysioNetMI-ENSEMBLE-A4-C4-MODEL-HARD-VOTE-P01-L1-LOW-CAL-OFFICIAL-R2:1_PER_CLASS-ER02:VS_STRONGEST,PhysioNetMI,A4-C4-MODEL-HARD-VOTE,P01-L1-LOW-CAL-OFFICIAL-R2:1_PER_CLASS,2,,GOVERNED_NON_SUCCESS,,,,,,,
P02-A4-PhysioNetMI-ENSEMBLE-A4-C5-MODEL-PROB-AVG-P01-L1-LOW-CAL-OFFICIAL-R2:1_PER_CLASS-ER02:VS_STRONGEST,PhysioNetMI,A4-C5-MODEL-PROB-AVG,P01-L1-LOW-CAL-OFFICIAL-R2:1_PER_CLASS,2,,GOVERNED_NON_SUCCESS,,,,,,,
P02-A4-PhysioNetMI-ENSEMBLE-A4-C4-MODEL-HARD-VOTE-P01-L1-LOW-CAL-OFFICIAL-R2:1_PER_CLASS-ER03:VS_STRONGEST,PhysioNetMI,A4-C4-MODEL-HARD-VOTE,P01-L1-LOW-CAL-OFFICIAL-R2:1_PER_CLASS,3,,GOVERNED_NON_SUCCESS,,,,,,,
P02-A4-PhysioNetMI-ENSEMBLE-A4-C5-MODEL-PROB-AVG-P01-L1-LOW-CAL-OFFICIAL-R2:1_PER_CLASS-ER03:VS_STRONGEST,PhysioNetMI,A4-C5-MODEL-PROB-AVG,P01-L1-LOW-CAL-OFFICIAL-R2:1_PER_CLASS,3,,GOVERNED_NON_SUCCESS,,,,,,,
P02-A4-PhysioNetMI-ENSEMBLE-A4-C4-MODEL-HARD-VOTE-P01-L1-LOW-CAL-OFFICIAL-R2:1_PER_CLASS-ER04:VS_STRONGEST,PhysioNetMI,A4-C4-MODEL-HARD-VOTE,P01-L1-LOW-CAL-OFFICIAL-R2:1_PER_CLASS,4,,GOVERNED_NON_SUCCESS,,,,,,,
P02-A4-PhysioNetMI-ENSEMBLE-A4-C5-MODEL-PROB-AVG-P01-L1-LOW-CAL-OFFICIAL-R2:1_PER_CLASS-ER04:VS_STRONGEST,PhysioNetMI,A4-C5-MODEL-PROB-AVG,P01-L1-LOW-CAL-OFFICIAL-R2:1_PER_CLASS,4,,GOVERNED_NON_SUCCESS,,,,,,,
P02-A4-PhysioNetMI-ENSEMBLE-A4-C4-MODEL-HARD-VOTE-P01-L1-LOW-CAL-OFFICIAL-R2:2_PER_CLASS-ER00:VS_STRONGEST,PhysioNetMI,A4-C4-MODEL-HARD-VOTE,P01-L1-LOW-CAL-OFFICIAL-R2:2_PER_CLASS,0,DNN-EEGNET,COMPLETE,11.0,0.0,0.37109375,0.7421875,0.35555555555555557,-0.021739130434782594,0.0
P02-A4-PhysioNetMI-ENSEMBLE-A4-C5-MODEL-PROB-AVG-P01-L1-LOW-CAL-OFFICIAL-R2:2_PER_CLASS-ER00:VS_STRONGEST,PhysioNetMI,A4-C5-MODEL-PROB-AVG,P01-L1-LOW-CAL-OFFICIAL-R2:2_PER_CLASS,0,DNN-EEGNET,COMPLETE,11.0,0.0039525691699604515,0.203125,0.7421875,0.5111111111111111,-0.008893280632411127,0.023809523809523836
P02-A4-PhysioNetMI-ENSEMBLE-A4-C4-MODEL-HARD-VOTE-P01-L1-LOW-CAL-OFFICIAL-R2:2_PER_CLASS-ER01:VS_STRONGEST,PhysioNetMI,A4-C4-MODEL-HARD-VOTE,P01-L1-LOW-CAL-OFFICIAL-R2:2_PER_CLASS,1,DNN-EEGNET,COMPLETE,11.0,0.006916996047430846,0.046875,0.09375,0.8571428571428571,0.0,0.044642857142857095
P02-A4-PhysioNetMI-ENSEMBLE-A4-C5-MODEL-PROB-AVG-P01-L1-LOW-CAL-OFFICIAL-R2:2_PER_CLASS-ER01:VS_STRONGEST,PhysioNetMI,A4-C5-MODEL-PROB-AVG,P01-L1-LOW-CAL-OFFICIAL-R2:2_PER_CLASS,1,DNN-EEGNET,COMPLETE,11.0,0.006916996047430846,0.046875,0.09375,0.8571428571428571,0.0,0.044642857142857095
P02-A4-PhysioNetMI-ENSEMBLE-A4-C4-MODEL-HARD-VOTE-P01-L1-LOW-CAL-OFFICIAL-R2:2_PER_CLASS-ER02:VS_STRONGEST,PhysioNetMI,A4-C4-MODEL-HARD-VOTE,P01-L1-LOW-CAL-OFFICIAL-R2:2_PER_CLASS,2,DNN-EEGNET,COMPLETE,11.0,0.0,0.9375,1.0,-0.07142857142857142,-0.02083333333333326,0.015810276679841917
P02-A4-PhysioNetMI-ENSEMBLE-A4-C5-MODEL-PROB-AVG-P01-L1-LOW-CAL-OFFICIAL-R2:2_PER_CLASS-ER02:VS_STRONGEST,PhysioNetMI,A4-C5-MODEL-PROB-AVG,P01-L1-LOW-CAL-OFFICIAL-R2:2_PER_CLASS,2,DNN-EEGNET,COMPLETE,11.0,0.0,0.296875,1.0,0.5,-0.014822134387351804,-0.014822134387351804
P02-A4-PhysioNetMI-ENSEMBLE-A4-C4-MODEL-HARD-VOTE-P01-L1-LOW-CAL-OFFICIAL-R2:2_PER_CLASS-ER03:VS_STRONGEST,PhysioNetMI,A4-C4-MODEL-HARD-VOTE,P01-L1-LOW-CAL-OFFICIAL-R2:2_PER_CLASS,3,DNN-EEGNET,COMPLETE,11.0,0.0,0.9453125,1.0,0.05555555555555555,-0.059523809523809534,0.0
P02-A4-PhysioNetMI-ENSEMBLE-A4-C5-MODEL-PROB-AVG-P01-L1-LOW-CAL-OFFICIAL-R2:2_PER_CLASS-ER03:VS_STRONGEST,PhysioNetMI,A4-C5-MODEL-PROB-AVG,P01-L1-LOW-CAL-OFFICIAL-R2:2_PER_CLASS,3,DNN-EEGNET,COMPLETE,11.0,0.005952380952380987,0.1953125,1.0,0.5555555555555556,-0.009881422924901129,0.041666666666666685
P02-A4-PhysioNetMI-ENSEMBLE-A4-C4-MODEL-HARD-VOTE-P01-L1-LOW-CAL-OFFICIAL-R2:2_PER_CLASS-ER04:VS_STRONGEST,PhysioNetMI,A4-C4-MODEL-HARD-VOTE,P01-L1-LOW-CAL-OFFICIAL-R2:2_PER_CLASS,4,DNN-EEGNET,COMPLETE,11.0,0.0,0.9375,1.0,0.07142857142857142,-0.017857142857142905,0.010869565217391353
P02-A4-PhysioNetMI-ENSEMBLE-A4-C5-MODEL-PROB-AVG-P01-L1-LOW-CAL-OFFICIAL-R2:2_PER_CLASS-ER04:VS_STRONGEST,PhysioNetMI,A4-C5-MODEL-PROB-AVG,P01-L1-LOW-CAL-OFFICIAL-R2:2_PER_CLASS,4,DNN-EEGNET,COMPLETE,11.0,0.0,0.578125,1.0,0.2857142857142857,-0.017857142857142905,0.04464285714285715
P02-A4-PhysioNetMI-ENSEMBLE-A4-C4-MODEL-HARD-VOTE-P01-L1-LOW-CAL-OFFICIAL-R2:4_PER_CLASS-ER00:VS_STRONGEST,PhysioNetMI,A4-C4-MODEL-HARD-VOTE,P01-L1-LOW-CAL-OFFICIAL-R2:4_PER_CLASS,0,SSL-CBRAMOD,COMPLETE,11.0,0.0,0.91015625,1.0,-0.06666666666666667,-0.1785714285714286,0.0
P02-A4-PhysioNetMI-ENSEMBLE-A4-C5-MODEL-PROB-AVG-P01-L1-LOW-CAL-OFFICIAL-R2:4_PER_CLASS-ER00:VS_STRONGEST,PhysioNetMI,A4-C5-MODEL-PROB-AVG,P01-L1-LOW-CAL-OFFICIAL-R2:4_PER_CLASS,0,SSL-CBRAMOD,COMPLETE,11.0,0.015810276679841917,0.224609375,1.0,0.45454545454545453,-0.07015810276679835,0.05335968379446643
P02-A4-PhysioNetMI-ENSEMBLE-A4-C4-MODEL-HARD-VOTE-P01-L1-LOW-CAL-OFFICIAL-R2:4_PER_CLASS-ER01:VS_STRONGEST,PhysioNetMI,A4-C4-MODEL-HARD-VOTE,P01-L1-LOW-CAL-OFFICIAL-R2:4_PER_CLASS,1,SSL-CBRAMOD,COMPLETE,11.0,-0.017857142857142905,0.98828125,1.0,-0.015151515151515152,-0.04841897233201575,0.03754940711462451
P02-A4-PhysioNetMI-ENSEMBLE-A4-C5-MODEL-PROB-AVG-P01-L1-LOW-CAL-OFFICIAL-R2:4_PER_CLASS-ER01:VS_STRONGEST,PhysioNetMI,A4-C5-MODEL-PROB-AVG,P01-L1-LOW-CAL-OFFICIAL-R2:4_PER_CLASS,1,SSL-CBRAMOD,COMPLETE,11.0,-0.02371541501976282,0.51953125,1.0,-0.24242424242424243,-0.1071428571428571,0.03754940711462451
P02-A4-PhysioNetMI-ENSEMBLE-A4-C4-MODEL-HARD-VOTE-P01-L1-LOW-CAL-OFFICIAL-R2:4_PER_CLASS-ER02:VS_STRONGEST,PhysioNetMI,A4-C4-MODEL-HARD-VOTE,P01-L1-LOW-CAL-OFFICIAL-R2:4_PER_CLASS,2,SSL-CBRAMOD,COMPLETE,11.0,0.005952380952381042,1.0,1.0,0.0,-0.09523809523809529,0.035573122529644285
P02-A4-PhysioNetMI-ENSEMBLE-A4-C5-MODEL-PROB-AVG-P01-L1-LOW-CAL-OFFICIAL-R2:4_PER_CLASS-ER02:VS_STRONGEST,PhysioNetMI,A4-C5-MODEL-PROB-AVG,P01-L1-LOW-CAL-OFFICIAL-R2:4_PER_CLASS,2,SSL-CBRAMOD,COMPLETE,11.0,-0.011904761904761862,0.9658203125,1.0,-0.030303030303030304,-0.10177865612648218,0.035573122529644285
P02-A4-PhysioNetMI-ENSEMBLE-A4-C4-MODEL-HARD-VOTE-P01-L1-LOW-CAL-OFFICIAL-R2:4_PER_CLASS-ER03:VS_STRONGEST,PhysioNetMI,A4-C4-MODEL-HARD-VOTE,P01-L1-LOW-CAL-OFFICIAL-R2:4_PER_CLASS,3,SSL-CBRAMOD,COMPLETE,11.0,0.017857142857142905,0.123046875,0.24609375,0.5454545454545454,-0.032608695652173836,0.045454545454545414
P02-A4-PhysioNetMI-ENSEMBLE-A4-C5-MODEL-PROB-AVG-P01-L1-LOW-CAL-OFFICIAL-R2:4_PER_CLASS-ER03:VS_STRONGEST,PhysioNetMI,A4-C5-MODEL-PROB-AVG,P01-L1-LOW-CAL-OFFICIAL-R2:4_PER_CLASS,3,SSL-CBRAMOD,COMPLETE,11.0,0.008928571428571397,0.8310546875,0.8310546875,0.09090909090909091,-0.03754940711462451,0.031620553359683834
P02-A4-PhysioNetMI-ENSEMBLE-A4-C4-MODEL-HARD-VOTE-P01-L1-LOW-CAL-OFFICIAL-R2:4_PER_CLASS-ER04:VS_STRONGEST,PhysioNetMI,A4-C4-MODEL-HARD-VOTE,P01-L1-LOW-CAL-OFFICIAL-R2:4_PER_CLASS,4,SSL-CBRAMOD,COMPLETE,11.0,0.018774703557312256,0.2880859375,0.576171875,0.3787878787878788,-0.045454545454545414,0.05654761904761907
P02-A4-PhysioNetMI-ENSEMBLE-A4-C5-MODEL-PROB-AVG-P01-L1-LOW-CAL-OFFICIAL-R2:4_PER_CLASS-ER04:VS_STRONGEST,PhysioNetMI,A4-C5-MODEL-PROB-AVG,P01-L1-LOW-CAL-OFFICIAL-R2:4_PER_CLASS,4,SSL-CBRAMOD,COMPLETE,11.0,0.01976284584980237,0.240234375,0.576171875,0.42424242424242425,-0.045454545454545414,0.059523809523809534
P02-A4-PhysioNetMI-ENSEMBLE-A4-C4-MODEL-HARD-VOTE-P01-L1-LOW-CAL-OFFICIAL-R2:8_PER_CLASS-ER00:VS_STRONGEST,PhysioNetMI,A4-C4-MODEL-HARD-VOTE,P01-L1-LOW-CAL-OFFICIAL-R2:8_PER_CLASS,0,SSL-CBRAMOD,COMPLETE,11.0,0.03754940711462451,1.0,1.0,0.0,-0.09683794466403162,0.041666666666666685
P02-A4-PhysioNetMI-ENSEMBLE-A4-C5-MODEL-PROB-AVG-P01-L1-LOW-CAL-OFFICIAL-R2:8_PER_CLASS-ER00:VS_STRONGEST,PhysioNetMI,A4-C5-MODEL-PROB-AVG,P01-L1-LOW-CAL-OFFICIAL-R2:8_PER_CLASS,0,SSL-CBRAMOD,COMPLETE,11.0,0.011904761904761862,0.7001953125,1.0,0.15151515151515152,-0.09683794466403162,0.03754940711462451
P02-A4-PhysioNetMI-ENSEMBLE-A4-C4-MODEL-HARD-VOTE-P01-L1-LOW-CAL-OFFICIAL-R2:8_PER_CLASS-ER01:VS_STRONGEST,PhysioNetMI,A4-C4-MODEL-HARD-VOTE,P01-L1-LOW-CAL-OFFICIAL-R2:8_PER_CLASS,1,SSL-CBRAMOD,COMPLETE,11.0,-0.005928853754940788,0.7646484375,1.0,-0.12121212121212122,-0.045454545454545525,0.020750988142292592
P02-A4-PhysioNetMI-ENSEMBLE-A4-C5-MODEL-PROB-AVG-P01-L1-LOW-CAL-OFFICIAL-R2:8_PER_CLASS-ER01:VS_STRONGEST,PhysioNetMI,A4-C5-MODEL-PROB-AVG,P01-L1-LOW-CAL-OFFICIAL-R2:8_PER_CLASS,1,SSL-CBRAMOD,COMPLETE,11.0,0.010869565217391297,0.9658203125,1.0,-0.030303030303030304,-0.05731225296442688,0.011904761904761918
P02-A4-PhysioNetMI-ENSEMBLE-A4-C4-MODEL-HARD-VOTE-P01-L1-LOW-CAL-OFFICIAL-R2:8_PER_CLASS-ER02:VS_STRONGEST,PhysioNetMI,A4-C4-MODEL-HARD-VOTE,P01-L1-LOW-CAL-OFFICIAL-R2:8_PER_CLASS,2,SSL-CBRAMOD,COMPLETE,11.0,0.008928571428571397,1.0,1.0,0.01818181818181818,-0.11660079051383399,0.04644268774703553
P02-A4-PhysioNetMI-ENSEMBLE-A4-C5-MODEL-PROB-AVG-P01-L1-LOW-CAL-OFFICIAL-R2:8_PER_CLASS-ER02:VS_STRONGEST,PhysioNetMI,A4-C5-MODEL-PROB-AVG,P01-L1-LOW-CAL-OFFICIAL-R2:8_PER_CLASS,2,SSL-CBRAMOD,COMPLETE,11.0,0.0256916996047431,0.8984375,1.0,-0.06060606060606061,-0.10714285714285715,0.03754940711462451
P02-A4-PhysioNetMI-ENSEMBLE-A4-C4-MODEL-HARD-VOTE-P01-L1-LOW-CAL-OFFICIAL-R2:8_PER_CLASS-ER03:VS_STRONGEST,PhysioNetMI,A4-C4-MODEL-HARD-VOTE,P01-L1-LOW-CAL-OFFICIAL-R2:8_PER_CLASS,3,SSL-CBRAMOD,COMPLETE,11.0,0.0029761904761904656,0.2138671875,0.427734375,0.4393939393939394,-0.041666666666666685,0.055335968379446654
P02-A4-PhysioNetMI-ENSEMBLE-A4-C5-MODEL-PROB-AVG-P01-L1-LOW-CAL-OFFICIAL-R2:8_PER_CLASS-ER03:VS_STRONGEST,PhysioNetMI,A4-C5-MODEL-PROB-AVG,P01-L1-LOW-CAL-OFFICIAL-R2:8_PER_CLASS,3,SSL-CBRAMOD,COMPLETE,11.0,0.0029761904761905766,0.4130859375,0.427734375,0.30303030303030304,-0.038690476190476164,0.05731225296442688
P02-A4-PhysioNetMI-ENSEMBLE-A4-C4-MODEL-HARD-VOTE-P01-L1-LOW-CAL-OFFICIAL-R2:8_PER_CLASS-ER04:VS_STRONGEST,PhysioNetMI,A4-C4-MODEL-HARD-VOTE,P01-L1-LOW-CAL-OFFICIAL-R2:8_PER_CLASS,4,SSL-CBRAMOD,COMPLETE,11.0,0.008893280632411071,0.8310546875,1.0,0.09090909090909091,-0.059523809523809534,0.03359683794466406
P02-A4-PhysioNetMI-ENSEMBLE-A4-C5-MODEL-PROB-AVG-P01-L1-LOW-CAL-OFFICIAL-R2:8_PER_CLASS-ER04:VS_STRONGEST,PhysioNetMI,A4-C5-MODEL-PROB-AVG,P01-L1-LOW-CAL-OFFICIAL-R2:8_PER_CLASS,4,SSL-CBRAMOD,COMPLETE,11.0,0.01679841897233203,0.8984375,1.0,0.06060606060606061,-0.09189723320158105,0.03273809523809523
P02-A4-PhysioNetMI-ENSEMBLE-A4-C4-MODEL-HARD-VOTE-P01-L1-LOW-CAL-OFFICIAL-R2:16_PER_CLASS-ER00:VS_STRONGEST,PhysioNetMI,A4-C4-MODEL-HARD-VOTE,P01-L1-LOW-CAL-OFFICIAL-R2:16_PER_CLASS,0,DNN-EEGNET,COMPLETE,11.0,0.0,0.734375,1.0,-0.15555555555555556,-0.023809523809523836,0.002976190476190521
P02-A4-PhysioNetMI-ENSEMBLE-A4-C5-MODEL-PROB-AVG-P01-L1-LOW-CAL-OFFICIAL-R2:16_PER_CLASS-ER00:VS_STRONGEST,PhysioNetMI,A4-C5-MODEL-PROB-AVG,P01-L1-LOW-CAL-OFFICIAL-R2:16_PER_CLASS,0,DNN-EEGNET,COMPLETE,11.0,-0.0009881422924900574,0.30078125,1.0,-0.4222222222222222,-0.04761904761904767,0.0
P02-A4-PhysioNetMI-ENSEMBLE-A4-C4-MODEL-HARD-VOTE-P01-L1-LOW-CAL-OFFICIAL-R2:16_PER_CLASS-ER01:VS_STRONGEST,PhysioNetMI,A4-C4-MODEL-HARD-VOTE,P01-L1-LOW-CAL-OFFICIAL-R2:16_PER_CLASS,1,DNN-EEGNET,COMPLETE,11.0,0.0,0.8203125,1.0,0.1111111111111111,-0.12154150197628455,0.0
P02-A4-PhysioNetMI-ENSEMBLE-A4-C5-MODEL-PROB-AVG-P01-L1-LOW-CAL-OFFICIAL-R2:16_PER_CLASS-ER01:VS_STRONGEST,PhysioNetMI,A4-C5-MODEL-PROB-AVG,P01-L1-LOW-CAL-OFFICIAL-R2:16_PER_CLASS,1,DNN-EEGNET,COMPLETE,11.0,0.0,1.0,1.0,0.0,-0.0357142857142857,0.024703557312252933
P02-A4-PhysioNetMI-ENSEMBLE-A4-C4-MODEL-HARD-VOTE-P01-L1-LOW-CAL-OFFICIAL-R2:16_PER_CLASS-ER02:VS_STRONGEST,PhysioNetMI,A4-C4-MODEL-HARD-VOTE,P01-L1-LOW-CAL-OFFICIAL-R2:16_PER_CLASS,2,DNN-EEGNET,COMPLETE,11.0,0.0,0.84375,1.0,0.14285714285714285,-0.0029644268774703386,0.02976190476190471
P02-A4-PhysioNetMI-ENSEMBLE-A4-C5-MODEL-PROB-AVG-P01-L1-LOW-CAL-OFFICIAL-R2:16_PER_CLASS-ER02:VS_STRONGEST,PhysioNetMI,A4-C5-MODEL-PROB-AVG,P01-L1-LOW-CAL-OFFICIAL-R2:16_PER_CLASS,2,DNN-EEGNET,COMPLETE,11.0,0.0009881422924901129,0.25,1.0,0.5,-0.023809523809523836,0.043478260869565244
P02-A4-PhysioNetMI-ENSEMBLE-A4-C4-MODEL-HARD-VOTE-P01-L1-LOW-CAL-OFFICIAL-R2:16_PER_CLASS-ER03:VS_STRONGEST,PhysioNetMI,A4-C4-MODEL-HARD-VOTE,P01-L1-LOW-CAL-OFFICIAL-R2:16_PER_CLASS,3,DNN-EEGNET,COMPLETE,11.0,0.0,0.4609375,0.921875,0.3333333333333333,-0.0553359683794466,0.0
P02-A4-PhysioNetMI-ENSEMBLE-A4-C5-MODEL-PROB-AVG-P01-L1-LOW-CAL-OFFICIAL-R2:16_PER_CLASS-ER03:VS_STRONGEST,PhysioNetMI,A4-C5-MODEL-PROB-AVG,P01-L1-LOW-CAL-OFFICIAL-R2:16_PER_CLASS,3,DNN-EEGNET,COMPLETE,11.0,0.0,0.734375,0.921875,0.17857142857142858,-0.02083333333333337,0.042490118577075076
P02-A4-PhysioNetMI-ENSEMBLE-A4-C4-MODEL-HARD-VOTE-P01-L1-LOW-CAL-OFFICIAL-R2:16_PER_CLASS-ER04:VS_STRONGEST,PhysioNetMI,A4-C4-MODEL-HARD-VOTE,P01-L1-LOW-CAL-OFFICIAL-R2:16_PER_CLASS,4,DNN-EEGNET,COMPLETE,11.0,0.0,0.375,0.75,0.42857142857142855,-0.011904761904761862,0.049407114624505866
P02-A4-PhysioNetMI-ENSEMBLE-A4-C5-MODEL-PROB-AVG-P01-L1-LOW-CAL-OFFICIAL-R2:16_PER_CLASS-ER04:VS_STRONGEST,PhysioNetMI,A4-C5-MODEL-PROB-AVG,P01-L1-LOW-CAL-OFFICIAL-R2:16_PER_CLASS,4,DNN-EEGNET,COMPLETE,11.0,0.0,0.5,0.75,0.32142857142857145,-0.014880952380952328,0.022727272727272707
P02-A4-PhysioNetMI-ENSEMBLE-A4-C4-MODEL-HARD-VOTE-P01-L1-LOW-CAL-OFFICIAL-R2:32_PER_CLASS-ER00:VS_STRONGEST,PhysioNetMI,A4-C4-MODEL-HARD-VOTE,P01-L1-LOW-CAL-OFFICIAL-R2:32_PER_CLASS,0,DNN-EEGNET,COMPLETE,11.0,-0.023715415019762764,0.1982421875,0.396484375,-0.45454545454545453,-0.0803571428571429,0.0019762845849802257
P02-A4-PhysioNetMI-ENSEMBLE-A4-C5-MODEL-PROB-AVG-P01-L1-LOW-CAL-OFFICIAL-R2:32_PER_CLASS-ER00:VS_STRONGEST,PhysioNetMI,A4-C5-MODEL-PROB-AVG,P01-L1-LOW-CAL-OFFICIAL-R2:32_PER_CLASS,0,DNN-EEGNET,COMPLETE,11.0,0.0,0.845703125,0.845703125,0.09090909090909091,-0.06818181818181823,0.03869047619047622
P02-A4-PhysioNetMI-ENSEMBLE-A4-C4-MODEL-HARD-VOTE-P01-L1-LOW-CAL-OFFICIAL-R2:32_PER_CLASS-ER01:VS_STRONGEST,PhysioNetMI,A4-C4-MODEL-HARD-VOTE,P01-L1-LOW-CAL-OFFICIAL-R2:32_PER_CLASS,1,DNN-EEGNET,COMPLETE,11.0,-0.02371541501976293,0.2783203125,0.556640625,-0.3939393939393939,-0.07738095238095238,0.008928571428571452
P02-A4-PhysioNetMI-ENSEMBLE-A4-C5-MODEL-PROB-AVG-P01-L1-LOW-CAL-OFFICIAL-R2:32_PER_CLASS-ER01:VS_STRONGEST,PhysioNetMI,A4-C5-MODEL-PROB-AVG,P01-L1-LOW-CAL-OFFICIAL-R2:32_PER_CLASS,1,DNN-EEGNET,COMPLETE,11.0,-0.0019762845849802257,0.845703125,0.845703125,-0.09090909090909091,-0.059523809523809534,0.008928571428571508
P02-A4-PhysioNetMI-ENSEMBLE-A4-C4-MODEL-HARD-VOTE-P01-L1-LOW-CAL-OFFICIAL-R2:32_PER_CLASS-ER02:VS_STRONGEST,PhysioNetMI,A4-C4-MODEL-HARD-VOTE,P01-L1-LOW-CAL-OFFICIAL-R2:32_PER_CLASS,2,DNN-EEGNET,COMPLETE,11.0,-0.02083333333333337,0.5771484375,1.0,-0.21212121212121213,-0.10573122529644263,0.03273809523809523
P02-A4-PhysioNetMI-ENSEMBLE-A4-C5-MODEL-PROB-AVG-P01-L1-LOW-CAL-OFFICIAL-R2:32_PER_CLASS-ER02:VS_STRONGEST,PhysioNetMI,A4-C5-MODEL-PROB-AVG,P01-L1-LOW-CAL-OFFICIAL-R2:32_PER_CLASS,2,DNN-EEGNET,COMPLETE,11.0,-0.02075098814229248,0.2060546875,1.0,-0.45454545454545453,-0.10968379446640314,-0.00297619047619041
P02-A4-PhysioNetMI-ENSEMBLE-A4-C4-MODEL-HARD-VOTE-P01-L1-LOW-CAL-OFFICIAL-R2:32_PER_CLASS-ER03:VS_STRONGEST,PhysioNetMI,A4-C4-MODEL-HARD-VOTE,P01-L1-LOW-CAL-OFFICIAL-R2:32_PER_CLASS,3,DNN-EEGNET,COMPLETE,11.0,0.004940711462450675,0.7001953125,1.0,0.15151515151515152,-0.06719367588932806,0.05952380952380948
P02-A4-PhysioNetMI-ENSEMBLE-A4-C5-MODEL-PROB-AVG-P01-L1-LOW-CAL-OFFICIAL-R2:32_PER_CLASS-ER03:VS_STRONGEST,PhysioNetMI,A4-C5-MODEL-PROB-AVG,P01-L1-LOW-CAL-OFFICIAL-R2:32_PER_CLASS,3,DNN-EEGNET,COMPLETE,11.0,-0.005952380952380987,0.7646484375,1.0,-0.12121212121212122,-0.0879446640316206,0.024703557312252933
P02-A4-PhysioNetMI-ENSEMBLE-A4-C4-MODEL-HARD-VOTE-P01-L1-LOW-CAL-OFFICIAL-R2:32_PER_CLASS-ER04:VS_STRONGEST,PhysioNetMI,A4-C4-MODEL-HARD-VOTE,P01-L1-LOW-CAL-OFFICIAL-R2:32_PER_CLASS,4,DNN-EEGNET,COMPLETE,11.0,-0.020833333333333315,0.46484375,0.9296875,-0.2727272727272727,-0.08630952380952378,-0.0039525691699604515
P02-A4-PhysioNetMI-ENSEMBLE-A4-C5-MODEL-PROB-AVG-P01-L1-LOW-CAL-OFFICIAL-R2:32_PER_CLASS-ER04:VS_STRONGEST,PhysioNetMI,A4-C5-MODEL-PROB-AVG,P01-L1-LOW-CAL-OFFICIAL-R2:32_PER_CLASS,4,DNN-EEGNET,COMPLETE,11.0,-0.02075098814229248,0.7646484375,0.9296875,-0.12121212121212122,-0.06422924901185767,0.008928571428571452
P02-A4-BNCI2014_001-ENSEMBLE-A4-C4-MODEL-HARD-VOTE-FULL_TRAIN-ER00:VS_STRONGEST,BNCI2014_001,A4-C4-MODEL-HARD-VOTE,FULL_TRAIN,0,DNN-EEGNET,COMPLETE,1.0,-0.04166666666666674,,,-1.0,,
P02-A4-BNCI2014_001-ENSEMBLE-A4-C5-MODEL-PROB-AVG-FULL_TRAIN-ER00:VS_STRONGEST,BNCI2014_001,A4-C5-MODEL-PROB-AVG,FULL_TRAIN,0,DNN-EEGNET,COMPLETE,1.0,0.02083333333333326,,,1.0,,
P02-A4-BNCI2014_001-ENSEMBLE-A4-C4-MODEL-HARD-VOTE-FULL_TRAIN-ER01:VS_STRONGEST,BNCI2014_001,A4-C4-MODEL-HARD-VOTE,FULL_TRAIN,1,DNN-EEGNET,COMPLETE,1.0,-0.00347222222222221,,,-1.0,,
P02-A4-BNCI2014_001-ENSEMBLE-A4-C5-MODEL-PROB-AVG-FULL_TRAIN-ER01:VS_STRONGEST,BNCI2014_001,A4-C5-MODEL-PROB-AVG,FULL_TRAIN,1,DNN-EEGNET,COMPLETE,1.0,0.03819444444444453,,,1.0,,
P02-A4-BNCI2014_001-ENSEMBLE-A4-C4-MODEL-HARD-VOTE-FULL_TRAIN-ER02:VS_STRONGEST,BNCI2014_001,A4-C4-MODEL-HARD-VOTE,FULL_TRAIN,2,DNN-EEGNET,COMPLETE,1.0,-0.00347222222222221,,,-1.0,,
P02-A4-BNCI2014_001-ENSEMBLE-A4-C5-MODEL-PROB-AVG-FULL_TRAIN-ER02:VS_STRONGEST,BNCI2014_001,A4-C5-MODEL-PROB-AVG,FULL_TRAIN,2,DNN-EEGNET,COMPLETE,1.0,0.04166666666666674,,,1.0,,
P02-A4-BNCI2014_001-ENSEMBLE-A4-C4-MODEL-HARD-VOTE-FULL_TRAIN-ER03:VS_STRONGEST,BNCI2014_001,A4-C4-MODEL-HARD-VOTE,FULL_TRAIN,3,DNN-EEGNET,COMPLETE,1.0,-0.04166666666666663,,,-1.0,,
P02-A4-BNCI2014_001-ENSEMBLE-A4-C5-MODEL-PROB-AVG-FULL_TRAIN-ER03:VS_STRONGEST,BNCI2014_001,A4-C5-MODEL-PROB-AVG,FULL_TRAIN,3,DNN-EEGNET,COMPLETE,1.0,0.03125000000000011,,,1.0,,
P02-A4-BNCI2014_001-ENSEMBLE-A4-C4-MODEL-HARD-VOTE-FULL_TRAIN-ER04:VS_STRONGEST,BNCI2014_001,A4-C4-MODEL-HARD-VOTE,FULL_TRAIN,4,DNN-EEGNET,COMPLETE,1.0,0.03472222222222221,,,1.0,,
P02-A4-BNCI2014_001-ENSEMBLE-A4-C5-MODEL-PROB-AVG-FULL_TRAIN-ER04:VS_STRONGEST,BNCI2014_001,A4-C5-MODEL-PROB-AVG,FULL_TRAIN,4,DNN-EEGNET,COMPLETE,1.0,0.09374999999999989,,,1.0,,
P02-A4-BNCI2014_001-ENSEMBLE-A4-C4-MODEL-HARD-VOTE-P01-L1-LOW-CAL-OFFICIAL-R2:1_PER_CLASS-ER00:VS_STRONGEST,BNCI2014_001,A4-C4-MODEL-HARD-VOTE,P01-L1-LOW-CAL-OFFICIAL-R2:1_PER_CLASS,0,,GOVERNED_NON_SUCCESS,,,,,,,
P02-A4-BNCI2014_001-ENSEMBLE-A4-C5-MODEL-PROB-AVG-P01-L1-LOW-CAL-OFFICIAL-R2:1_PER_CLASS-ER00:VS_STRONGEST,BNCI2014_001,A4-C5-MODEL-PROB-AVG,P01-L1-LOW-CAL-OFFICIAL-R2:1_PER_CLASS,0,,GOVERNED_NON_SUCCESS,,,,,,,
P02-A4-BNCI2014_001-ENSEMBLE-A4-C4-MODEL-HARD-VOTE-P01-L1-LOW-CAL-OFFICIAL-R2:1_PER_CLASS-ER01:VS_STRONGEST,BNCI2014_001,A4-C4-MODEL-HARD-VOTE,P01-L1-LOW-CAL-OFFICIAL-R2:1_PER_CLASS,1,,GOVERNED_NON_SUCCESS,,,,,,,
P02-A4-BNCI2014_001-ENSEMBLE-A4-C5-MODEL-PROB-AVG-P01-L1-LOW-CAL-OFFICIAL-R2:1_PER_CLASS-ER01:VS_STRONGEST,BNCI2014_001,A4-C5-MODEL-PROB-AVG,P01-L1-LOW-CAL-OFFICIAL-R2:1_PER_CLASS,1,,GOVERNED_NON_SUCCESS,,,,,,,
P02-A4-BNCI2014_001-ENSEMBLE-A4-C4-MODEL-HARD-VOTE-P01-L1-LOW-CAL-OFFICIAL-R2:1_PER_CLASS-ER02:VS_STRONGEST,BNCI2014_001,A4-C4-MODEL-HARD-VOTE,P01-L1-LOW-CAL-OFFICIAL-R2:1_PER_CLASS,2,,GOVERNED_NON_SUCCESS,,,,,,,
P02-A4-BNCI2014_001-ENSEMBLE-A4-C5-MODEL-PROB-AVG-P01-L1-LOW-CAL-OFFICIAL-R2:1_PER_CLASS-ER02:VS_STRONGEST,BNCI2014_001,A4-C5-MODEL-PROB-AVG,P01-L1-LOW-CAL-OFFICIAL-R2:1_PER_CLASS,2,,GOVERNED_NON_SUCCESS,,,,,,,
P02-A4-BNCI2014_001-ENSEMBLE-A4-C4-MODEL-HARD-VOTE-P01-L1-LOW-CAL-OFFICIAL-R2:1_PER_CLASS-ER03:VS_STRONGEST,BNCI2014_001,A4-C4-MODEL-HARD-VOTE,P01-L1-LOW-CAL-OFFICIAL-R2:1_PER_CLASS,3,,GOVERNED_NON_SUCCESS,,,,,,,
P02-A4-BNCI2014_001-ENSEMBLE-A4-C5-MODEL-PROB-AVG-P01-L1-LOW-CAL-OFFICIAL-R2:1_PER_CLASS-ER03:VS_STRONGEST,BNCI2014_001,A4-C5-MODEL-PROB-AVG,P01-L1-LOW-CAL-OFFICIAL-R2:1_PER_CLASS,3,,GOVERNED_NON_SUCCESS,,,,,,,
P02-A4-BNCI2014_001-ENSEMBLE-A4-C4-MODEL-HARD-VOTE-P01-L1-LOW-CAL-OFFICIAL-R2:1_PER_CLASS-ER04:VS_STRONGEST,BNCI2014_001,A4-C4-MODEL-HARD-VOTE,P01-L1-LOW-CAL-OFFICIAL-R2:1_PER_CLASS,4,,GOVERNED_NON_SUCCESS,,,,,,,
P02-A4-BNCI2014_001-ENSEMBLE-A4-C5-MODEL-PROB-AVG-P01-L1-LOW-CAL-OFFICIAL-R2:1_PER_CLASS-ER04:VS_STRONGEST,BNCI2014_001,A4-C5-MODEL-PROB-AVG,P01-L1-LOW-CAL-OFFICIAL-R2:1_PER_CLASS,4,,GOVERNED_NON_SUCCESS,,,,,,,
P02-A4-BNCI2014_001-ENSEMBLE-A4-C4-MODEL-HARD-VOTE-P01-L1-LOW-CAL-OFFICIAL-R2:2_PER_CLASS-ER00:VS_STRONGEST,BNCI2014_001,A4-C4-MODEL-HARD-VOTE,P01-L1-LOW-CAL-OFFICIAL-R2:2_PER_CLASS,0,RIE-TS-LR,COMPLETE,1.0,0.01041666666666674,,,1.0,,
P02-A4-BNCI2014_001-ENSEMBLE-A4-C5-MODEL-PROB-AVG-P01-L1-LOW-CAL-OFFICIAL-R2:2_PER_CLASS-ER00:VS_STRONGEST,BNCI2014_001,A4-C5-MODEL-PROB-AVG,P01-L1-LOW-CAL-OFFICIAL-R2:2_PER_CLASS,0,RIE-TS-LR,COMPLETE,1.0,-0.02777777777777779,,,-1.0,,
P02-A4-BNCI2014_001-ENSEMBLE-A4-C4-MODEL-HARD-VOTE-P01-L1-LOW-CAL-OFFICIAL-R2:2_PER_CLASS-ER01:VS_STRONGEST,BNCI2014_001,A4-C4-MODEL-HARD-VOTE,P01-L1-LOW-CAL-OFFICIAL-R2:2_PER_CLASS,1,RIE-TS-LR,COMPLETE,1.0,-0.04513888888888884,,,-1.0,,
P02-A4-BNCI2014_001-ENSEMBLE-A4-C5-MODEL-PROB-AVG-P01-L1-LOW-CAL-OFFICIAL-R2:2_PER_CLASS-ER01:VS_STRONGEST,BNCI2014_001,A4-C5-MODEL-PROB-AVG,P01-L1-LOW-CAL-OFFICIAL-R2:2_PER_CLASS,1,RIE-TS-LR,COMPLETE,1.0,0.01041666666666663,,,1.0,,
P02-A4-BNCI2014_001-ENSEMBLE-A4-C4-MODEL-HARD-VOTE-P01-L1-LOW-CAL-OFFICIAL-R2:2_PER_CLASS-ER02:VS_STRONGEST,BNCI2014_001,A4-C4-MODEL-HARD-VOTE,P01-L1-LOW-CAL-OFFICIAL-R2:2_PER_CLASS,2,RIE-TS-LR,COMPLETE,1.0,-0.01736111111111116,,,-1.0,,
P02-A4-BNCI2014_001-ENSEMBLE-A4-C5-MODEL-PROB-AVG-P01-L1-LOW-CAL-OFFICIAL-R2:2_PER_CLASS-ER02:VS_STRONGEST,BNCI2014_001,A4-C5-MODEL-PROB-AVG,P01-L1-LOW-CAL-OFFICIAL-R2:2_PER_CLASS,2,RIE-TS-LR,COMPLETE,1.0,-0.02083333333333337,,,-1.0,,
P02-A4-BNCI2014_001-ENSEMBLE-A4-C4-MODEL-HARD-VOTE-P01-L1-LOW-CAL-OFFICIAL-R2:2_PER_CLASS-ER03:VS_STRONGEST,BNCI2014_001,A4-C4-MODEL-HARD-VOTE,P01-L1-LOW-CAL-OFFICIAL-R2:2_PER_CLASS,3,RIE-TS-LR,COMPLETE,1.0,0.03819444444444442,,,1.0,,
P02-A4-BNCI2014_001-ENSEMBLE-A4-C5-MODEL-PROB-AVG-P01-L1-LOW-CAL-OFFICIAL-R2:2_PER_CLASS-ER03:VS_STRONGEST,BNCI2014_001,A4-C5-MODEL-PROB-AVG,P01-L1-LOW-CAL-OFFICIAL-R2:2_PER_CLASS,3,RIE-TS-LR,COMPLETE,1.0,0.02777777777777779,,,1.0,,
P02-A4-BNCI2014_001-ENSEMBLE-A4-C4-MODEL-HARD-VOTE-P01-L1-LOW-CAL-OFFICIAL-R2:2_PER_CLASS-ER04:VS_STRONGEST,BNCI2014_001,A4-C4-MODEL-HARD-VOTE,P01-L1-LOW-CAL-OFFICIAL-R2:2_PER_CLASS,4,RIE-TS-LR,COMPLETE,1.0,0.00694444444444442,,,1.0,,
P02-A4-BNCI2014_001-ENSEMBLE-A4-C5-MODEL-PROB-AVG-P01-L1-LOW-CAL-OFFICIAL-R2:2_PER_CLASS-ER04:VS_STRONGEST,BNCI2014_001,A4-C5-MODEL-PROB-AVG,P01-L1-LOW-CAL-OFFICIAL-R2:2_PER_CLASS,4,RIE-TS-LR,COMPLETE,1.0,-0.02777777777777779,,,-1.0,,
P02-A4-BNCI2014_001-ENSEMBLE-A4-C4-MODEL-HARD-VOTE-P01-L1-LOW-CAL-OFFICIAL-R2:4_PER_CLASS-ER00:VS_STRONGEST,BNCI2014_001,A4-C4-MODEL-HARD-VOTE,P01-L1-LOW-CAL-OFFICIAL-R2:4_PER_CLASS,0,CLS-CSP-LDA,COMPLETE,1.0,-0.03125000000000011,,,-1.0,,
P02-A4-BNCI2014_001-ENSEMBLE-A4-C5-MODEL-PROB-AVG-P01-L1-LOW-CAL-OFFICIAL-R2:4_PER_CLASS-ER00:VS_STRONGEST,BNCI2014_001,A4-C5-MODEL-PROB-AVG,P01-L1-LOW-CAL-OFFICIAL-R2:4_PER_CLASS,0,CLS-CSP-LDA,COMPLETE,1.0,0.01388888888888884,,,1.0,,
P02-A4-BNCI2014_001-ENSEMBLE-A4-C4-MODEL-HARD-VOTE-P01-L1-LOW-CAL-OFFICIAL-R2:4_PER_CLASS-ER01:VS_STRONGEST,BNCI2014_001,A4-C4-MODEL-HARD-VOTE,P01-L1-LOW-CAL-OFFICIAL-R2:4_PER_CLASS,1,CLS-CSP-LDA,COMPLETE,1.0,-0.0625,,,-1.0,,
P02-A4-BNCI2014_001-ENSEMBLE-A4-C5-MODEL-PROB-AVG-P01-L1-LOW-CAL-OFFICIAL-R2:4_PER_CLASS-ER01:VS_STRONGEST,BNCI2014_001,A4-C5-MODEL-PROB-AVG,P01-L1-LOW-CAL-OFFICIAL-R2:4_PER_CLASS,1,CLS-CSP-LDA,COMPLETE,1.0,-0.01388888888888895,,,-1.0,,
P02-A4-BNCI2014_001-ENSEMBLE-A4-C4-MODEL-HARD-VOTE-P01-L1-LOW-CAL-OFFICIAL-R2:4_PER_CLASS-ER02:VS_STRONGEST,BNCI2014_001,A4-C4-MODEL-HARD-VOTE,P01-L1-LOW-CAL-OFFICIAL-R2:4_PER_CLASS,2,CLS-CSP-LDA,COMPLETE,1.0,-0.01388888888888895,,,-1.0,,
P02-A4-BNCI2014_001-ENSEMBLE-A4-C5-MODEL-PROB-AVG-P01-L1-LOW-CAL-OFFICIAL-R2:4_PER_CLASS-ER02:VS_STRONGEST,BNCI2014_001,A4-C5-MODEL-PROB-AVG,P01-L1-LOW-CAL-OFFICIAL-R2:4_PER_CLASS,2,CLS-CSP-LDA,COMPLETE,1.0,0.00694444444444442,,,1.0,,
P02-A4-BNCI2014_001-ENSEMBLE-A4-C4-MODEL-HARD-VOTE-P01-L1-LOW-CAL-OFFICIAL-R2:4_PER_CLASS-ER03:VS_STRONGEST,BNCI2014_001,A4-C4-MODEL-HARD-VOTE,P01-L1-LOW-CAL-OFFICIAL-R2:4_PER_CLASS,3,CLS-CSP-LDA,COMPLETE,1.0,0.003472222222222099,,,1.0,,
P02-A4-BNCI2014_001-ENSEMBLE-A4-C5-MODEL-PROB-AVG-P01-L1-LOW-CAL-OFFICIAL-R2:4_PER_CLASS-ER03:VS_STRONGEST,BNCI2014_001,A4-C5-MODEL-PROB-AVG,P01-L1-LOW-CAL-OFFICIAL-R2:4_PER_CLASS,3,CLS-CSP-LDA,COMPLETE,1.0,0.01736111111111105,,,1.0,,
P02-A4-BNCI2014_001-ENSEMBLE-A4-C4-MODEL-HARD-VOTE-P01-L1-LOW-CAL-OFFICIAL-R2:4_PER_CLASS-ER04:VS_STRONGEST,BNCI2014_001,A4-C4-MODEL-HARD-VOTE,P01-L1-LOW-CAL-OFFICIAL-R2:4_PER_CLASS,4,CLS-CSP-LDA,COMPLETE,1.0,0.01041666666666663,,,1.0,,
P02-A4-BNCI2014_001-ENSEMBLE-A4-C5-MODEL-PROB-AVG-P01-L1-LOW-CAL-OFFICIAL-R2:4_PER_CLASS-ER04:VS_STRONGEST,BNCI2014_001,A4-C5-MODEL-PROB-AVG,P01-L1-LOW-CAL-OFFICIAL-R2:4_PER_CLASS,4,CLS-CSP-LDA,COMPLETE,1.0,0.00694444444444442,,,1.0,,
P02-A4-BNCI2014_001-ENSEMBLE-A4-C4-MODEL-HARD-VOTE-P01-L1-LOW-CAL-OFFICIAL-R2:8_PER_CLASS-ER00:VS_STRONGEST,BNCI2014_001,A4-C4-MODEL-HARD-VOTE,P01-L1-LOW-CAL-OFFICIAL-R2:8_PER_CLASS,0,RIE-TS-LR,COMPLETE,1.0,-0.013888888888888895,,,-1.0,,
P02-A4-BNCI2014_001-ENSEMBLE-A4-C5-MODEL-PROB-AVG-P01-L1-LOW-CAL-OFFICIAL-R2:8_PER_CLASS-ER00:VS_STRONGEST,BNCI2014_001,A4-C5-MODEL-PROB-AVG,P01-L1-LOW-CAL-OFFICIAL-R2:8_PER_CLASS,0,RIE-TS-LR,COMPLETE,1.0,0.010416666666666685,,,1.0,,
P02-A4-BNCI2014_001-ENSEMBLE-A4-C4-MODEL-HARD-VOTE-P01-L1-LOW-CAL-OFFICIAL-R2:8_PER_CLASS-ER01:VS_STRONGEST,BNCI2014_001,A4-C4-MODEL-HARD-VOTE,P01-L1-LOW-CAL-OFFICIAL-R2:8_PER_CLASS,1,RIE-TS-LR,COMPLETE,1.0,0.020833333333333315,,,1.0,,
P02-A4-BNCI2014_001-ENSEMBLE-A4-C5-MODEL-PROB-AVG-P01-L1-LOW-CAL-OFFICIAL-R2:8_PER_CLASS-ER01:VS_STRONGEST,BNCI2014_001,A4-C5-MODEL-PROB-AVG,P01-L1-LOW-CAL-OFFICIAL-R2:8_PER_CLASS,1,RIE-TS-LR,COMPLETE,1.0,0.034722222222222265,,,1.0,,
P02-A4-BNCI2014_001-ENSEMBLE-A4-C4-MODEL-HARD-VOTE-P01-L1-LOW-CAL-OFFICIAL-R2:8_PER_CLASS-ER02:VS_STRONGEST,BNCI2014_001,A4-C4-MODEL-HARD-VOTE,P01-L1-LOW-CAL-OFFICIAL-R2:8_PER_CLASS,2,RIE-TS-LR,COMPLETE,1.0,-0.0034722222222222654,,,-1.0,,
P02-A4-BNCI2014_001-ENSEMBLE-A4-C5-MODEL-PROB-AVG-P01-L1-LOW-CAL-OFFICIAL-R2:8_PER_CLASS-ER02:VS_STRONGEST,BNCI2014_001,A4-C5-MODEL-PROB-AVG,P01-L1-LOW-CAL-OFFICIAL-R2:8_PER_CLASS,2,RIE-TS-LR,COMPLETE,1.0,0.038194444444444475,,,1.0,,
P02-A4-BNCI2014_001-ENSEMBLE-A4-C4-MODEL-HARD-VOTE-P01-L1-LOW-CAL-OFFICIAL-R2:8_PER_CLASS-ER03:VS_STRONGEST,BNCI2014_001,A4-C4-MODEL-HARD-VOTE,P01-L1-LOW-CAL-OFFICIAL-R2:8_PER_CLASS,3,RIE-TS-LR,COMPLETE,1.0,0.038194444444444475,,,1.0,,
P02-A4-BNCI2014_001-ENSEMBLE-A4-C5-MODEL-PROB-AVG-P01-L1-LOW-CAL-OFFICIAL-R2:8_PER_CLASS-ER03:VS_STRONGEST,BNCI2014_001,A4-C5-MODEL-PROB-AVG,P01-L1-LOW-CAL-OFFICIAL-R2:8_PER_CLASS,3,RIE-TS-LR,COMPLETE,1.0,-0.013888888888888895,,,-1.0,,
P02-A4-BNCI2014_001-ENSEMBLE-A4-C4-MODEL-HARD-VOTE-P01-L1-LOW-CAL-OFFICIAL-R2:8_PER_CLASS-ER04:VS_STRONGEST,BNCI2014_001,A4-C4-MODEL-HARD-VOTE,P01-L1-LOW-CAL-OFFICIAL-R2:8_PER_CLASS,4,RIE-TS-LR,COMPLETE,1.0,0.027777777777777735,,,1.0,,
P02-A4-BNCI2014_001-ENSEMBLE-A4-C5-MODEL-PROB-AVG-P01-L1-LOW-CAL-OFFICIAL-R2:8_PER_CLASS-ER04:VS_STRONGEST,BNCI2014_001,A4-C5-MODEL-PROB-AVG,P01-L1-LOW-CAL-OFFICIAL-R2:8_PER_CLASS,4,RIE-TS-LR,COMPLETE,1.0,0.06250000000000006,,,1.0,,
P02-A4-BNCI2014_001-ENSEMBLE-A4-C4-MODEL-HARD-VOTE-P01-L1-LOW-CAL-OFFICIAL-R2:16_PER_CLASS-ER00:VS_STRONGEST,BNCI2014_001,A4-C4-MODEL-HARD-VOTE,P01-L1-LOW-CAL-OFFICIAL-R2:16_PER_CLASS,0,RIE-TS-LR,COMPLETE,1.0,0.02083333333333337,,,1.0,,
P02-A4-BNCI2014_001-ENSEMBLE-A4-C5-MODEL-PROB-AVG-P01-L1-LOW-CAL-OFFICIAL-R2:16_PER_CLASS-ER00:VS_STRONGEST,BNCI2014_001,A4-C5-MODEL-PROB-AVG,P01-L1-LOW-CAL-OFFICIAL-R2:16_PER_CLASS,0,RIE-TS-LR,COMPLETE,1.0,0.0,,,0.0,,
P02-A4-BNCI2014_001-ENSEMBLE-A4-C4-MODEL-HARD-VOTE-P01-L1-LOW-CAL-OFFICIAL-R2:16_PER_CLASS-ER01:VS_STRONGEST,BNCI2014_001,A4-C4-MODEL-HARD-VOTE,P01-L1-LOW-CAL-OFFICIAL-R2:16_PER_CLASS,1,RIE-TS-LR,COMPLETE,1.0,0.02083333333333337,,,1.0,,
P02-A4-BNCI2014_001-ENSEMBLE-A4-C5-MODEL-PROB-AVG-P01-L1-LOW-CAL-OFFICIAL-R2:16_PER_CLASS-ER01:VS_STRONGEST,BNCI2014_001,A4-C5-MODEL-PROB-AVG,P01-L1-LOW-CAL-OFFICIAL-R2:16_PER_CLASS,1,RIE-TS-LR,COMPLETE,1.0,0.02083333333333337,,,1.0,,
P02-A4-BNCI2014_001-ENSEMBLE-A4-C4-MODEL-HARD-VOTE-P01-L1-LOW-CAL-OFFICIAL-R2:16_PER_CLASS-ER02:VS_STRONGEST,BNCI2014_001,A4-C4-MODEL-HARD-VOTE,P01-L1-LOW-CAL-OFFICIAL-R2:16_PER_CLASS,2,RIE-TS-LR,COMPLETE,1.0,0.0277777777777779,,,1.0,,
P02-A4-BNCI2014_001-ENSEMBLE-A4-C5-MODEL-PROB-AVG-P01-L1-LOW-CAL-OFFICIAL-R2:16_PER_CLASS-ER02:VS_STRONGEST,BNCI2014_001,A4-C5-MODEL-PROB-AVG,P01-L1-LOW-CAL-OFFICIAL-R2:16_PER_CLASS,2,RIE-TS-LR,COMPLETE,1.0,0.01388888888888895,,,1.0,,
P02-A4-BNCI2014_001-ENSEMBLE-A4-C4-MODEL-HARD-VOTE-P01-L1-LOW-CAL-OFFICIAL-R2:16_PER_CLASS-ER03:VS_STRONGEST,BNCI2014_001,A4-C4-MODEL-HARD-VOTE,P01-L1-LOW-CAL-OFFICIAL-R2:16_PER_CLASS,3,RIE-TS-LR,COMPLETE,1.0,0.0277777777777779,,,1.0,,
P02-A4-BNCI2014_001-ENSEMBLE-A4-C5-MODEL-PROB-AVG-P01-L1-LOW-CAL-OFFICIAL-R2:16_PER_CLASS-ER03:VS_STRONGEST,BNCI2014_001,A4-C5-MODEL-PROB-AVG,P01-L1-LOW-CAL-OFFICIAL-R2:16_PER_CLASS,3,RIE-TS-LR,COMPLETE,1.0,0.01041666666666674,,,1.0,,
P02-A4-BNCI2014_001-ENSEMBLE-A4-C4-MODEL-HARD-VOTE-P01-L1-LOW-CAL-OFFICIAL-R2:16_PER_CLASS-ER04:VS_STRONGEST,BNCI2014_001,A4-C4-MODEL-HARD-VOTE,P01-L1-LOW-CAL-OFFICIAL-R2:16_PER_CLASS,4,RIE-TS-LR,COMPLETE,1.0,0.01736111111111116,,,1.0,,
P02-A4-BNCI2014_001-ENSEMBLE-A4-C5-MODEL-PROB-AVG-P01-L1-LOW-CAL-OFFICIAL-R2:16_PER_CLASS-ER04:VS_STRONGEST,BNCI2014_001,A4-C5-MODEL-PROB-AVG,P01-L1-LOW-CAL-OFFICIAL-R2:16_PER_CLASS,4,RIE-TS-LR,COMPLETE,1.0,0.0277777777777779,,,1.0,,
P02-A4-BNCI2014_001-ENSEMBLE-A4-C4-MODEL-HARD-VOTE-P01-L1-LOW-CAL-OFFICIAL-R2:32_PER_CLASS-ER00:VS_STRONGEST,BNCI2014_001,A4-C4-MODEL-HARD-VOTE,P01-L1-LOW-CAL-OFFICIAL-R2:32_PER_CLASS,0,DNN-EEGNET,COMPLETE,1.0,0.03819444444444442,,,1.0,,
P02-A4-BNCI2014_001-ENSEMBLE-A4-C5-MODEL-PROB-AVG-P01-L1-LOW-CAL-OFFICIAL-R2:32_PER_CLASS-ER00:VS_STRONGEST,BNCI2014_001,A4-C5-MODEL-PROB-AVG,P01-L1-LOW-CAL-OFFICIAL-R2:32_PER_CLASS,0,DNN-EEGNET,COMPLETE,1.0,0.05902777777777779,,,1.0,,
P02-A4-BNCI2014_001-ENSEMBLE-A4-C4-MODEL-HARD-VOTE-P01-L1-LOW-CAL-OFFICIAL-R2:32_PER_CLASS-ER01:VS_STRONGEST,BNCI2014_001,A4-C4-MODEL-HARD-VOTE,P01-L1-LOW-CAL-OFFICIAL-R2:32_PER_CLASS,1,DNN-EEGNET,COMPLETE,1.0,-0.02430555555555547,,,-1.0,,
P02-A4-BNCI2014_001-ENSEMBLE-A4-C5-MODEL-PROB-AVG-P01-L1-LOW-CAL-OFFICIAL-R2:32_PER_CLASS-ER01:VS_STRONGEST,BNCI2014_001,A4-C5-MODEL-PROB-AVG,P01-L1-LOW-CAL-OFFICIAL-R2:32_PER_CLASS,1,DNN-EEGNET,COMPLETE,1.0,-0.01736111111111105,,,-1.0,,
P02-A4-BNCI2014_001-ENSEMBLE-A4-C4-MODEL-HARD-VOTE-P01-L1-LOW-CAL-OFFICIAL-R2:32_PER_CLASS-ER02:VS_STRONGEST,BNCI2014_001,A4-C4-MODEL-HARD-VOTE,P01-L1-LOW-CAL-OFFICIAL-R2:32_PER_CLASS,2,DNN-EEGNET,COMPLETE,1.0,0.00347222222222221,,,1.0,,
P02-A4-BNCI2014_001-ENSEMBLE-A4-C5-MODEL-PROB-AVG-P01-L1-LOW-CAL-OFFICIAL-R2:32_PER_CLASS-ER02:VS_STRONGEST,BNCI2014_001,A4-C5-MODEL-PROB-AVG,P01-L1-LOW-CAL-OFFICIAL-R2:32_PER_CLASS,2,DNN-EEGNET,COMPLETE,1.0,0.01736111111111105,,,1.0,,
P02-A4-BNCI2014_001-ENSEMBLE-A4-C4-MODEL-HARD-VOTE-P01-L1-LOW-CAL-OFFICIAL-R2:32_PER_CLASS-ER03:VS_STRONGEST,BNCI2014_001,A4-C4-MODEL-HARD-VOTE,P01-L1-LOW-CAL-OFFICIAL-R2:32_PER_CLASS,3,DNN-EEGNET,COMPLETE,1.0,0.006944444444444531,,,1.0,,
P02-A4-BNCI2014_001-ENSEMBLE-A4-C5-MODEL-PROB-AVG-P01-L1-LOW-CAL-OFFICIAL-R2:32_PER_CLASS-ER03:VS_STRONGEST,BNCI2014_001,A4-C5-MODEL-PROB-AVG,P01-L1-LOW-CAL-OFFICIAL-R2:32_PER_CLASS,3,DNN-EEGNET,COMPLETE,1.0,-0.00347222222222221,,,-1.0,,
P02-A4-BNCI2014_001-ENSEMBLE-A4-C4-MODEL-HARD-VOTE-P01-L1-LOW-CAL-OFFICIAL-R2:32_PER_CLASS-ER04:VS_STRONGEST,BNCI2014_001,A4-C4-MODEL-HARD-VOTE,P01-L1-LOW-CAL-OFFICIAL-R2:32_PER_CLASS,4,DNN-EEGNET,COMPLETE,1.0,0.01041666666666663,,,1.0,,
P02-A4-BNCI2014_001-ENSEMBLE-A4-C5-MODEL-PROB-AVG-P01-L1-LOW-CAL-OFFICIAL-R2:32_PER_CLASS-ER04:VS_STRONGEST,BNCI2014_001,A4-C5-MODEL-PROB-AVG,P01-L1-LOW-CAL-OFFICIAL-R2:32_PER_CLASS,4,DNN-EEGNET,COMPLETE,1.0,0.02083333333333337,,,1.0,,
P02-A4-Lee2019_MI-ENSEMBLE-A4-C4-MODEL-HARD-VOTE-FULL_TRAIN-ER00:VS_STRONGEST,Lee2019_MI,A4-C4-MODEL-HARD-VOTE,FULL_TRAIN,0,DNN-EEGNET,COMPLETE,6.0,-5.551115123125783e-17,0.75,1.0,-0.19047619047619047,-0.05499999999999988,0.034999999999999976
P02-A4-Lee2019_MI-ENSEMBLE-A4-C5-MODEL-PROB-AVG-FULL_TRAIN-ER00:VS_STRONGEST,Lee2019_MI,A4-C5-MODEL-PROB-AVG,FULL_TRAIN,0,DNN-EEGNET,COMPLETE,6.0,0.010000000000000009,0.40625,1.0,0.42857142857142855,-0.019999999999999962,0.05499999999999988
P02-A4-Lee2019_MI-ENSEMBLE-A4-C4-MODEL-HARD-VOTE-FULL_TRAIN-ER01:VS_STRONGEST,Lee2019_MI,A4-C4-MODEL-HARD-VOTE,FULL_TRAIN,1,DNN-EEGNET,COMPLETE,6.0,0.0050000000000000044,0.90625,1.0,0.09523809523809523,-0.03500000000000003,0.044999999999999984
P02-A4-Lee2019_MI-ENSEMBLE-A4-C5-MODEL-PROB-AVG-FULL_TRAIN-ER01:VS_STRONGEST,Lee2019_MI,A4-C5-MODEL-PROB-AVG,FULL_TRAIN,1,DNN-EEGNET,COMPLETE,6.0,0.04999999999999999,0.21875,1.0,0.6190476190476191,-0.020000000000000018,0.06499999999999995
P02-A4-Lee2019_MI-ENSEMBLE-A4-C4-MODEL-HARD-VOTE-FULL_TRAIN-ER02:VS_STRONGEST,Lee2019_MI,A4-C4-MODEL-HARD-VOTE,FULL_TRAIN,2,DNN-EEGNET,COMPLETE,6.0,0.015000000000000013,1.0,1.0,-0.047619047619047616,-0.0799999999999999,0.040000000000000036
P02-A4-Lee2019_MI-ENSEMBLE-A4-C5-MODEL-PROB-AVG-FULL_TRAIN-ER02:VS_STRONGEST,Lee2019_MI,A4-C5-MODEL-PROB-AVG,FULL_TRAIN,2,DNN-EEGNET,COMPLETE,6.0,0.03500000000000003,0.34375,1.0,0.47619047619047616,-0.05499999999999999,0.09999999999999998
P02-A4-Lee2019_MI-ENSEMBLE-A4-C4-MODEL-HARD-VOTE-FULL_TRAIN-ER03:VS_STRONGEST,Lee2019_MI,A4-C4-MODEL-HARD-VOTE,FULL_TRAIN,3,DNN-EEGNET,COMPLETE,6.0,-0.0050000000000000044,0.53125,1.0,-0.3333333333333333,-0.08000000000000002,0.02999999999999997
P02-A4-Lee2019_MI-ENSEMBLE-A4-C5-MODEL-PROB-AVG-FULL_TRAIN-ER03:VS_STRONGEST,Lee2019_MI,A4-C5-MODEL-PROB-AVG,FULL_TRAIN,3,DNN-EEGNET,COMPLETE,6.0,0.010000000000000009,0.5625,1.0,0.3333333333333333,-0.04999999999999999,0.04499999999999993
P02-A4-Lee2019_MI-ENSEMBLE-A4-C4-MODEL-HARD-VOTE-FULL_TRAIN-ER04:VS_STRONGEST,Lee2019_MI,A4-C4-MODEL-HARD-VOTE,FULL_TRAIN,4,DNN-EEGNET,COMPLETE,6.0,-0.00500000000000006,1.0,1.0,-0.06666666666666667,-0.06499999999999995,0.030000000000000027
P02-A4-Lee2019_MI-ENSEMBLE-A4-C5-MODEL-PROB-AVG-FULL_TRAIN-ER04:VS_STRONGEST,Lee2019_MI,A4-C5-MODEL-PROB-AVG,FULL_TRAIN,4,DNN-EEGNET,COMPLETE,6.0,-0.0050000000000000044,1.0,1.0,-0.06666666666666667,-0.06499999999999989,0.04999999999999999
P02-A4-Lee2019_MI-ENSEMBLE-A4-C4-MODEL-HARD-VOTE-P01-L1-LOW-CAL-OFFICIAL-R2:1_PER_CLASS-ER00:VS_STRONGEST,Lee2019_MI,A4-C4-MODEL-HARD-VOTE,P01-L1-LOW-CAL-OFFICIAL-R2:1_PER_CLASS,0,,GOVERNED_NON_SUCCESS,,,,,,,
P02-A4-Lee2019_MI-ENSEMBLE-A4-C5-MODEL-PROB-AVG-P01-L1-LOW-CAL-OFFICIAL-R2:1_PER_CLASS-ER00:VS_STRONGEST,Lee2019_MI,A4-C5-MODEL-PROB-AVG,P01-L1-LOW-CAL-OFFICIAL-R2:1_PER_CLASS,0,,GOVERNED_NON_SUCCESS,,,,,,,
P02-A4-Lee2019_MI-ENSEMBLE-A4-C4-MODEL-HARD-VOTE-P01-L1-LOW-CAL-OFFICIAL-R2:1_PER_CLASS-ER01:VS_STRONGEST,Lee2019_MI,A4-C4-MODEL-HARD-VOTE,P01-L1-LOW-CAL-OFFICIAL-R2:1_PER_CLASS,1,,GOVERNED_NON_SUCCESS,,,,,,,
P02-A4-Lee2019_MI-ENSEMBLE-A4-C5-MODEL-PROB-AVG-P01-L1-LOW-CAL-OFFICIAL-R2:1_PER_CLASS-ER01:VS_STRONGEST,Lee2019_MI,A4-C5-MODEL-PROB-AVG,P01-L1-LOW-CAL-OFFICIAL-R2:1_PER_CLASS,1,,GOVERNED_NON_SUCCESS,,,,,,,
P02-A4-Lee2019_MI-ENSEMBLE-A4-C4-MODEL-HARD-VOTE-P01-L1-LOW-CAL-OFFICIAL-R2:1_PER_CLASS-ER02:VS_STRONGEST,Lee2019_MI,A4-C4-MODEL-HARD-VOTE,P01-L1-LOW-CAL-OFFICIAL-R2:1_PER_CLASS,2,,GOVERNED_NON_SUCCESS,,,,,,,
P02-A4-Lee2019_MI-ENSEMBLE-A4-C5-MODEL-PROB-AVG-P01-L1-LOW-CAL-OFFICIAL-R2:1_PER_CLASS-ER02:VS_STRONGEST,Lee2019_MI,A4-C5-MODEL-PROB-AVG,P01-L1-LOW-CAL-OFFICIAL-R2:1_PER_CLASS,2,,GOVERNED_NON_SUCCESS,,,,,,,
P02-A4-Lee2019_MI-ENSEMBLE-A4-C4-MODEL-HARD-VOTE-P01-L1-LOW-CAL-OFFICIAL-R2:1_PER_CLASS-ER03:VS_STRONGEST,Lee2019_MI,A4-C4-MODEL-HARD-VOTE,P01-L1-LOW-CAL-OFFICIAL-R2:1_PER_CLASS,3,,GOVERNED_NON_SUCCESS,,,,,,,
P02-A4-Lee2019_MI-ENSEMBLE-A4-C5-MODEL-PROB-AVG-P01-L1-LOW-CAL-OFFICIAL-R2:1_PER_CLASS-ER03:VS_STRONGEST,Lee2019_MI,A4-C5-MODEL-PROB-AVG,P01-L1-LOW-CAL-OFFICIAL-R2:1_PER_CLASS,3,,GOVERNED_NON_SUCCESS,,,,,,,
P02-A4-Lee2019_MI-ENSEMBLE-A4-C4-MODEL-HARD-VOTE-P01-L1-LOW-CAL-OFFICIAL-R2:1_PER_CLASS-ER04:VS_STRONGEST,Lee2019_MI,A4-C4-MODEL-HARD-VOTE,P01-L1-LOW-CAL-OFFICIAL-R2:1_PER_CLASS,4,,GOVERNED_NON_SUCCESS,,,,,,,
P02-A4-Lee2019_MI-ENSEMBLE-A4-C5-MODEL-PROB-AVG-P01-L1-LOW-CAL-OFFICIAL-R2:1_PER_CLASS-ER04:VS_STRONGEST,Lee2019_MI,A4-C5-MODEL-PROB-AVG,P01-L1-LOW-CAL-OFFICIAL-R2:1_PER_CLASS,4,,GOVERNED_NON_SUCCESS,,,,,,,
P02-A4-Lee2019_MI-ENSEMBLE-A4-C4-MODEL-HARD-VOTE-P01-L1-LOW-CAL-OFFICIAL-R2:2_PER_CLASS-ER00:VS_STRONGEST,Lee2019_MI,A4-C4-MODEL-HARD-VOTE,P01-L1-LOW-CAL-OFFICIAL-R2:2_PER_CLASS,0,DNN-EEGNET,COMPLETE,6.0,0.0,0.5,1.0,-1.0,-0.035,0.0
P02-A4-Lee2019_MI-ENSEMBLE-A4-C5-MODEL-PROB-AVG-P01-L1-LOW-CAL-OFFICIAL-R2:2_PER_CLASS-ER00:VS_STRONGEST,Lee2019_MI,A4-C5-MODEL-PROB-AVG,P01-L1-LOW-CAL-OFFICIAL-R2:2_PER_CLASS,0,DNN-EEGNET,COMPLETE,6.0,0.0,0.5,1.0,-1.0,-0.010000000000000009,0.0
P02-A4-Lee2019_MI-ENSEMBLE-A4-C4-MODEL-HARD-VOTE-P01-L1-LOW-CAL-OFFICIAL-R2:2_PER_CLASS-ER01:VS_STRONGEST,Lee2019_MI,A4-C4-MODEL-HARD-VOTE,P01-L1-LOW-CAL-OFFICIAL-R2:2_PER_CLASS,1,DNN-EEGNET,COMPLETE,6.0,0.0,0.5,1.0,-0.6666666666666666,-0.08500000000000008,0.010000000000000009
P02-A4-Lee2019_MI-ENSEMBLE-A4-C5-MODEL-PROB-AVG-P01-L1-LOW-CAL-OFFICIAL-R2:2_PER_CLASS-ER01:VS_STRONGEST,Lee2019_MI,A4-C5-MODEL-PROB-AVG,P01-L1-LOW-CAL-OFFICIAL-R2:2_PER_CLASS,1,DNN-EEGNET,COMPLETE,6.0,0.0,0.5,1.0,-1.0,-0.07500000000000004,0.0
P02-A4-Lee2019_MI-ENSEMBLE-A4-C4-MODEL-HARD-VOTE-P01-L1-LOW-CAL-OFFICIAL-R2:2_PER_CLASS-ER02:VS_STRONGEST,Lee2019_MI,A4-C4-MODEL-HARD-VOTE,P01-L1-LOW-CAL-OFFICIAL-R2:2_PER_CLASS,2,DNN-EEGNET,COMPLETE,6.0,0.03999999999999998,0.1875,0.375,0.6666666666666666,-0.020000000000000018,0.07
P02-A4-Lee2019_MI-ENSEMBLE-A4-C5-MODEL-PROB-AVG-P01-L1-LOW-CAL-OFFICIAL-R2:2_PER_CLASS-ER02:VS_STRONGEST,Lee2019_MI,A4-C5-MODEL-PROB-AVG,P01-L1-LOW-CAL-OFFICIAL-R2:2_PER_CLASS,2,DNN-EEGNET,COMPLETE,6.0,0.04999999999999999,0.1875,0.375,0.6666666666666666,-0.025000000000000022,0.08499999999999996
P02-A4-Lee2019_MI-ENSEMBLE-A4-C4-MODEL-HARD-VOTE-P01-L1-LOW-CAL-OFFICIAL-R2:2_PER_CLASS-ER03:VS_STRONGEST,Lee2019_MI,A4-C4-MODEL-HARD-VOTE,P01-L1-LOW-CAL-OFFICIAL-R2:2_PER_CLASS,3,DNN-EEGNET,COMPLETE,6.0,0.015000000000000013,1.0,1.0,-0.047619047619047616,-0.06500000000000006,0.030000000000000027
P02-A4-Lee2019_MI-ENSEMBLE-A4-C5-MODEL-PROB-AVG-P01-L1-LOW-CAL-OFFICIAL-R2:2_PER_CLASS-ER03:VS_STRONGEST,Lee2019_MI,A4-C5-MODEL-PROB-AVG,P01-L1-LOW-CAL-OFFICIAL-R2:2_PER_CLASS,3,DNN-EEGNET,COMPLETE,6.0,0.010000000000000009,0.8125,1.0,-0.2,-0.07000000000000006,0.030000000000000027
P02-A4-Lee2019_MI-ENSEMBLE-A4-C4-MODEL-HARD-VOTE-P01-L1-LOW-CAL-OFFICIAL-R2:2_PER_CLASS-ER04:VS_STRONGEST,Lee2019_MI,A4-C4-MODEL-HARD-VOTE,P01-L1-LOW-CAL-OFFICIAL-R2:2_PER_CLASS,4,DNN-EEGNET,COMPLETE,6.0,-0.0050000000000000044,1.0,1.0,-0.06666666666666667,-0.10000000000000009,0.010000000000000009
P02-A4-Lee2019_MI-ENSEMBLE-A4-C5-MODEL-PROB-AVG-P01-L1-LOW-CAL-OFFICIAL-R2:2_PER_CLASS-ER04:VS_STRONGEST,Lee2019_MI,A4-C5-MODEL-PROB-AVG,P01-L1-LOW-CAL-OFFICIAL-R2:2_PER_CLASS,4,DNN-EEGNET,COMPLETE,6.0,0.0,1.0,1.0,0.0,-0.060000000000000026,0.025000000000000022
P02-A4-Lee2019_MI-ENSEMBLE-A4-C4-MODEL-HARD-VOTE-P01-L1-LOW-CAL-OFFICIAL-R2:4_PER_CLASS-ER00:VS_STRONGEST,Lee2019_MI,A4-C4-MODEL-HARD-VOTE,P01-L1-LOW-CAL-OFFICIAL-R2:4_PER_CLASS,0,SSL-CBRAMOD,COMPLETE,6.0,-0.005000000000000032,0.78125,1.0,-0.14285714285714285,-0.030000000000000027,0.010000000000000009
P02-A4-Lee2019_MI-ENSEMBLE-A4-C5-MODEL-PROB-AVG-P01-L1-LOW-CAL-OFFICIAL-R2:4_PER_CLASS-ER00:VS_STRONGEST,Lee2019_MI,A4-C5-MODEL-PROB-AVG,P01-L1-LOW-CAL-OFFICIAL-R2:4_PER_CLASS,0,SSL-CBRAMOD,COMPLETE,6.0,-0.010000000000000009,0.875,1.0,-0.14285714285714285,-0.04500000000000001,0.03999999999999998
P02-A4-Lee2019_MI-ENSEMBLE-A4-C4-MODEL-HARD-VOTE-P01-L1-LOW-CAL-OFFICIAL-R2:4_PER_CLASS-ER01:VS_STRONGEST,Lee2019_MI,A4-C4-MODEL-HARD-VOTE,P01-L1-LOW-CAL-OFFICIAL-R2:4_PER_CLASS,1,SSL-CBRAMOD,COMPLETE,6.0,2.7755575615628914e-17,0.78125,1.0,-0.14285714285714285,-0.04500000000000004,0.020000000000000018
P02-A4-Lee2019_MI-ENSEMBLE-A4-C5-MODEL-PROB-AVG-P01-L1-LOW-CAL-OFFICIAL-R2:4_PER_CLASS-ER01:VS_STRONGEST,Lee2019_MI,A4-C5-MODEL-PROB-AVG,P01-L1-LOW-CAL-OFFICIAL-R2:4_PER_CLASS,1,SSL-CBRAMOD,COMPLETE,6.0,0.0,1.0,1.0,-0.047619047619047616,-0.03500000000000003,0.020000000000000018
P02-A4-Lee2019_MI-ENSEMBLE-A4-C4-MODEL-HARD-VOTE-P01-L1-LOW-CAL-OFFICIAL-R2:4_PER_CLASS-ER02:VS_STRONGEST,Lee2019_MI,A4-C4-MODEL-HARD-VOTE,P01-L1-LOW-CAL-OFFICIAL-R2:4_PER_CLASS,2,SSL-CBRAMOD,COMPLETE,6.0,0.0050000000000000044,0.875,1.0,0.2,-0.06000000000000005,0.015000000000000013
P02-A4-Lee2019_MI-ENSEMBLE-A4-C5-MODEL-PROB-AVG-P01-L1-LOW-CAL-OFFICIAL-R2:4_PER_CLASS-ER02:VS_STRONGEST,Lee2019_MI,A4-C5-MODEL-PROB-AVG,P01-L1-LOW-CAL-OFFICIAL-R2:4_PER_CLASS,2,SSL-CBRAMOD,COMPLETE,6.0,0.0050000000000000044,0.875,1.0,0.13333333333333333,-0.025000000000000022,0.04000000000000001
P02-A4-Lee2019_MI-ENSEMBLE-A4-C4-MODEL-HARD-VOTE-P01-L1-LOW-CAL-OFFICIAL-R2:4_PER_CLASS-ER03:VS_STRONGEST,Lee2019_MI,A4-C4-MODEL-HARD-VOTE,P01-L1-LOW-CAL-OFFICIAL-R2:4_PER_CLASS,3,SSL-CBRAMOD,COMPLETE,6.0,0.0050000000000000044,0.6875,1.0,0.26666666666666666,-0.07999999999999996,0.044999999999999984
P02-A4-Lee2019_MI-ENSEMBLE-A4-C5-MODEL-PROB-AVG-P01-L1-LOW-CAL-OFFICIAL-R2:4_PER_CLASS-ER03:VS_STRONGEST,Lee2019_MI,A4-C5-MODEL-PROB-AVG,P01-L1-LOW-CAL-OFFICIAL-R2:4_PER_CLASS,3,SSL-CBRAMOD,COMPLETE,6.0,0.03,0.46875,1.0,0.38095238095238093,-0.044999999999999984,0.04999999999999999
P02-A4-Lee2019_MI-ENSEMBLE-A4-C4-MODEL-HARD-VOTE-P01-L1-LOW-CAL-OFFICIAL-R2:4_PER_CLASS-ER04:VS_STRONGEST,Lee2019_MI,A4-C4-MODEL-HARD-VOTE,P01-L1-LOW-CAL-OFFICIAL-R2:4_PER_CLASS,4,SSL-CBRAMOD,COMPLETE,6.0,-0.0050000000000000044,0.75,1.0,-0.2,-0.020000000000000018,0.0
P02-A4-Lee2019_MI-ENSEMBLE-A4-C5-MODEL-PROB-AVG-P01-L1-LOW-CAL-OFFICIAL-R2:4_PER_CLASS-ER04:VS_STRONGEST,Lee2019_MI,A4-C5-MODEL-PROB-AVG,P01-L1-LOW-CAL-OFFICIAL-R2:4_PER_CLASS,4,SSL-CBRAMOD,COMPLETE,6.0,0.0,0.75,1.0,0.5,-0.0050000000000000044,0.014999999999999986
P02-A4-Lee2019_MI-ENSEMBLE-A4-C4-MODEL-HARD-VOTE-P01-L1-LOW-CAL-OFFICIAL-R2:8_PER_CLASS-ER00:VS_STRONGEST,Lee2019_MI,A4-C4-MODEL-HARD-VOTE,P01-L1-LOW-CAL-OFFICIAL-R2:8_PER_CLASS,0,DNN-EEGNET,COMPLETE,6.0,-0.05500000000000005,0.5625,1.0,-0.3333333333333333,-0.08000000000000007,0.010000000000000009
P02-A4-Lee2019_MI-ENSEMBLE-A4-C5-MODEL-PROB-AVG-P01-L1-LOW-CAL-OFFICIAL-R2:8_PER_CLASS-ER00:VS_STRONGEST,Lee2019_MI,A4-C5-MODEL-PROB-AVG,P01-L1-LOW-CAL-OFFICIAL-R2:8_PER_CLASS,0,DNN-EEGNET,COMPLETE,6.0,-0.020000000000000018,0.5,1.0,-0.3333333333333333,-0.054999999999999966,0.07499999999999996
P02-A4-Lee2019_MI-ENSEMBLE-A4-C4-MODEL-HARD-VOTE-P01-L1-LOW-CAL-OFFICIAL-R2:8_PER_CLASS-ER01:VS_STRONGEST,Lee2019_MI,A4-C4-MODEL-HARD-VOTE,P01-L1-LOW-CAL-OFFICIAL-R2:8_PER_CLASS,1,DNN-EEGNET,COMPLETE,6.0,0.0050000000000000044,0.875,1.0,0.13333333333333333,-0.05500000000000005,0.030000000000000027
P02-A4-Lee2019_MI-ENSEMBLE-A4-C5-MODEL-PROB-AVG-P01-L1-LOW-CAL-OFFICIAL-R2:8_PER_CLASS-ER01:VS_STRONGEST,Lee2019_MI,A4-C5-MODEL-PROB-AVG,P01-L1-LOW-CAL-OFFICIAL-R2:8_PER_CLASS,1,DNN-EEGNET,COMPLETE,6.0,0.0,1.0,1.0,0.1,-0.05500000000000005,0.07999999999999996
P02-A4-Lee2019_MI-ENSEMBLE-A4-C4-MODEL-HARD-VOTE-P01-L1-LOW-CAL-OFFICIAL-R2:8_PER_CLASS-ER02:VS_STRONGEST,Lee2019_MI,A4-C4-MODEL-HARD-VOTE,P01-L1-LOW-CAL-OFFICIAL-R2:8_PER_CLASS,2,DNN-EEGNET,COMPLETE,6.0,-0.020000000000000018,0.5625,1.0,-0.3333333333333333,-0.07,0.020000000000000018
P02-A4-Lee2019_MI-ENSEMBLE-A4-C5-MODEL-PROB-AVG-P01-L1-LOW-CAL-OFFICIAL-R2:8_PER_CLASS-ER02:VS_STRONGEST,Lee2019_MI,A4-C5-MODEL-PROB-AVG,P01-L1-LOW-CAL-OFFICIAL-R2:8_PER_CLASS,2,DNN-EEGNET,COMPLETE,6.0,-0.0050000000000000044,0.875,1.0,-0.13333333333333333,-0.02999999999999997,0.010000000000000009
P02-A4-Lee2019_MI-ENSEMBLE-A4-C4-MODEL-HARD-VOTE-P01-L1-LOW-CAL-OFFICIAL-R2:8_PER_CLASS-ER03:VS_STRONGEST,Lee2019_MI,A4-C4-MODEL-HARD-VOTE,P01-L1-LOW-CAL-OFFICIAL-R2:8_PER_CLASS,3,DNN-EEGNET,COMPLETE,6.0,0.010000000000000009,0.0625,0.125,1.0,0.004999999999999977,0.03500000000000003
P02-A4-Lee2019_MI-ENSEMBLE-A4-C5-MODEL-PROB-AVG-P01-L1-LOW-CAL-OFFICIAL-R2:8_PER_CLASS-ER03:VS_STRONGEST,Lee2019_MI,A4-C5-MODEL-PROB-AVG,P01-L1-LOW-CAL-OFFICIAL-R2:8_PER_CLASS,3,DNN-EEGNET,COMPLETE,6.0,0.0,0.71875,0.71875,-0.23809523809523808,-0.05999999999999997,0.015000000000000013
P02-A4-Lee2019_MI-ENSEMBLE-A4-C4-MODEL-HARD-VOTE-P01-L1-LOW-CAL-OFFICIAL-R2:8_PER_CLASS-ER04:VS_STRONGEST,Lee2019_MI,A4-C4-MODEL-HARD-VOTE,P01-L1-LOW-CAL-OFFICIAL-R2:8_PER_CLASS,4,DNN-EEGNET,COMPLETE,6.0,-0.015000000000000013,0.40625,0.8125,-0.42857142857142855,-0.03500000000000003,0.030000000000000027
P02-A4-Lee2019_MI-ENSEMBLE-A4-C5-MODEL-PROB-AVG-P01-L1-LOW-CAL-OFFICIAL-R2:8_PER_CLASS-ER04:VS_STRONGEST,Lee2019_MI,A4-C5-MODEL-PROB-AVG,P01-L1-LOW-CAL-OFFICIAL-R2:8_PER_CLASS,4,DNN-EEGNET,COMPLETE,6.0,-0.0050000000000000044,0.75,0.8125,0.2,-0.020000000000000018,0.039999999999999925
P02-A4-Lee2019_MI-ENSEMBLE-A4-C4-MODEL-HARD-VOTE-P01-L1-LOW-CAL-OFFICIAL-R2:16_PER_CLASS-ER00:VS_STRONGEST,Lee2019_MI,A4-C4-MODEL-HARD-VOTE,P01-L1-LOW-CAL-OFFICIAL-R2:16_PER_CLASS,0,CLS-CSP-LDA,COMPLETE,6.0,-0.019999999999999962,0.8125,1.0,-0.14285714285714285,-0.14,0.025000000000000022
P02-A4-Lee2019_MI-ENSEMBLE-A4-C5-MODEL-PROB-AVG-P01-L1-LOW-CAL-OFFICIAL-R2:16_PER_CLASS-ER00:VS_STRONGEST,Lee2019_MI,A4-C5-MODEL-PROB-AVG,P01-L1-LOW-CAL-OFFICIAL-R2:16_PER_CLASS,0,CLS-CSP-LDA,COMPLETE,6.0,-0.015000000000000013,0.4375,1.0,-0.42857142857142855,-0.07999999999999996,0.020000000000000018
P02-A4-Lee2019_MI-ENSEMBLE-A4-C4-MODEL-HARD-VOTE-P01-L1-LOW-CAL-OFFICIAL-R2:16_PER_CLASS-ER01:VS_STRONGEST,Lee2019_MI,A4-C4-MODEL-HARD-VOTE,P01-L1-LOW-CAL-OFFICIAL-R2:16_PER_CLASS,1,CLS-CSP-LDA,COMPLETE,6.0,-0.04500000000000004,0.125,0.25,-0.8666666666666667,-0.11999999999999994,0.0
P02-A4-Lee2019_MI-ENSEMBLE-A4-C5-MODEL-PROB-AVG-P01-L1-LOW-CAL-OFFICIAL-R2:16_PER_CLASS-ER01:VS_STRONGEST,Lee2019_MI,A4-C5-MODEL-PROB-AVG,P01-L1-LOW-CAL-OFFICIAL-R2:16_PER_CLASS,1,CLS-CSP-LDA,COMPLETE,6.0,-0.04000000000000001,0.125,0.25,-0.8666666666666667,-0.13999999999999996,0.0
P02-A4-Lee2019_MI-ENSEMBLE-A4-C4-MODEL-HARD-VOTE-P01-L1-LOW-CAL-OFFICIAL-R2:16_PER_CLASS-ER02:VS_STRONGEST,Lee2019_MI,A4-C4-MODEL-HARD-VOTE,P01-L1-LOW-CAL-OFFICIAL-R2:16_PER_CLASS,2,CLS-CSP-LDA,COMPLETE,6.0,0.015000000000000013,0.46875,0.9375,0.42857142857142855,-0.09999999999999987,0.040000000000000036
P02-A4-Lee2019_MI-ENSEMBLE-A4-C5-MODEL-PROB-AVG-P01-L1-LOW-CAL-OFFICIAL-R2:16_PER_CLASS-ER02:VS_STRONGEST,Lee2019_MI,A4-C5-MODEL-PROB-AVG,P01-L1-LOW-CAL-OFFICIAL-R2:16_PER_CLASS,2,CLS-CSP-LDA,COMPLETE,6.0,0.030000000000000027,0.25,0.9375,0.6190476190476191,-0.020000000000000018,0.135
P02-A4-Lee2019_MI-ENSEMBLE-A4-C4-MODEL-HARD-VOTE-P01-L1-LOW-CAL-OFFICIAL-R2:16_PER_CLASS-ER03:VS_STRONGEST,Lee2019_MI,A4-C4-MODEL-HARD-VOTE,P01-L1-LOW-CAL-OFFICIAL-R2:16_PER_CLASS,3,CLS-CSP-LDA,COMPLETE,6.0,-0.050000000000000044,0.4375,0.875,-0.42857142857142855,-0.1499999999999999,0.06000000000000005
P02-A4-Lee2019_MI-ENSEMBLE-A4-C5-MODEL-PROB-AVG-P01-L1-LOW-CAL-OFFICIAL-R2:16_PER_CLASS-ER03:VS_STRONGEST,Lee2019_MI,A4-C5-MODEL-PROB-AVG,P01-L1-LOW-CAL-OFFICIAL-R2:16_PER_CLASS,3,CLS-CSP-LDA,COMPLETE,6.0,0.010000000000000009,0.40625,0.875,0.42857142857142855,-0.06000000000000005,0.025000000000000022
P02-A4-Lee2019_MI-ENSEMBLE-A4-C4-MODEL-HARD-VOTE-P01-L1-LOW-CAL-OFFICIAL-R2:16_PER_CLASS-ER04:VS_STRONGEST,Lee2019_MI,A4-C4-MODEL-HARD-VOTE,P01-L1-LOW-CAL-OFFICIAL-R2:16_PER_CLASS,4,CLS-CSP-LDA,COMPLETE,6.0,-0.044999999999999984,0.1875,0.375,-0.6666666666666666,-0.18999999999999995,0.010000000000000009
P02-A4-Lee2019_MI-ENSEMBLE-A4-C5-MODEL-PROB-AVG-P01-L1-LOW-CAL-OFFICIAL-R2:16_PER_CLASS-ER04:VS_STRONGEST,Lee2019_MI,A4-C5-MODEL-PROB-AVG,P01-L1-LOW-CAL-OFFICIAL-R2:16_PER_CLASS,4,CLS-CSP-LDA,COMPLETE,6.0,-0.024999999999999967,0.25,0.375,-0.5714285714285714,-0.16999999999999993,0.010000000000000009
P02-A4-Lee2019_MI-ENSEMBLE-A4-C4-MODEL-HARD-VOTE-P01-L1-LOW-CAL-OFFICIAL-R2:32_PER_CLASS-ER00:VS_STRONGEST,Lee2019_MI,A4-C4-MODEL-HARD-VOTE,P01-L1-LOW-CAL-OFFICIAL-R2:32_PER_CLASS,0,DNN-EEGNET,COMPLETE,6.0,0.0,0.875,1.0,-0.2,-0.12999999999999995,0.09000000000000002
P02-A4-Lee2019_MI-ENSEMBLE-A4-C5-MODEL-PROB-AVG-P01-L1-LOW-CAL-OFFICIAL-R2:32_PER_CLASS-ER00:VS_STRONGEST,Lee2019_MI,A4-C5-MODEL-PROB-AVG,P01-L1-LOW-CAL-OFFICIAL-R2:32_PER_CLASS,0,DNN-EEGNET,COMPLETE,6.0,0.00500000000000006,0.625,1.0,0.3333333333333333,-0.08499999999999996,0.05500000000000005
P02-A4-Lee2019_MI-ENSEMBLE-A4-C4-MODEL-HARD-VOTE-P01-L1-LOW-CAL-OFFICIAL-R2:32_PER_CLASS-ER01:VS_STRONGEST,Lee2019_MI,A4-C4-MODEL-HARD-VOTE,P01-L1-LOW-CAL-OFFICIAL-R2:32_PER_CLASS,1,DNN-EEGNET,COMPLETE,6.0,0.010000000000000009,0.625,1.0,0.3333333333333333,-0.020000000000000018,0.04500000000000004
P02-A4-Lee2019_MI-ENSEMBLE-A4-C5-MODEL-PROB-AVG-P01-L1-LOW-CAL-OFFICIAL-R2:32_PER_CLASS-ER01:VS_STRONGEST,Lee2019_MI,A4-C5-MODEL-PROB-AVG,P01-L1-LOW-CAL-OFFICIAL-R2:32_PER_CLASS,1,DNN-EEGNET,COMPLETE,6.0,0.015000000000000013,0.375,1.0,0.5333333333333333,-0.030000000000000027,0.030000000000000027
P02-A4-Lee2019_MI-ENSEMBLE-A4-C4-MODEL-HARD-VOTE-P01-L1-LOW-CAL-OFFICIAL-R2:32_PER_CLASS-ER02:VS_STRONGEST,Lee2019_MI,A4-C4-MODEL-HARD-VOTE,P01-L1-LOW-CAL-OFFICIAL-R2:32_PER_CLASS,2,DNN-EEGNET,COMPLETE,6.0,-0.02999999999999997,0.3125,0.625,-0.6,-0.08000000000000007,0.040000000000000036
P02-A4-Lee2019_MI-ENSEMBLE-A4-C5-MODEL-PROB-AVG-P01-L1-LOW-CAL-OFFICIAL-R2:32_PER_CLASS-ER02:VS_STRONGEST,Lee2019_MI,A4-C5-MODEL-PROB-AVG,P01-L1-LOW-CAL-OFFICIAL-R2:32_PER_CLASS,2,DNN-EEGNET,COMPLETE,6.0,-0.010000000000000064,0.625,0.625,-0.3333333333333333,-0.05999999999999994,0.020000000000000018
P02-A4-Lee2019_MI-ENSEMBLE-A4-C4-MODEL-HARD-VOTE-P01-L1-LOW-CAL-OFFICIAL-R2:32_PER_CLASS-ER03:VS_STRONGEST,Lee2019_MI,A4-C4-MODEL-HARD-VOTE,P01-L1-LOW-CAL-OFFICIAL-R2:32_PER_CLASS,3,DNN-EEGNET,COMPLETE,6.0,0.0,1.0,1.0,0.0,-0.04500000000000004,0.04500000000000004
P02-A4-Lee2019_MI-ENSEMBLE-A4-C5-MODEL-PROB-AVG-P01-L1-LOW-CAL-OFFICIAL-R2:32_PER_CLASS-ER03:VS_STRONGEST,Lee2019_MI,A4-C5-MODEL-PROB-AVG,P01-L1-LOW-CAL-OFFICIAL-R2:32_PER_CLASS,3,DNN-EEGNET,COMPLETE,6.0,0.020000000000000018,0.5,1.0,0.4666666666666667,-0.040000000000000036,0.06000000000000005
P02-A4-Lee2019_MI-ENSEMBLE-A4-C4-MODEL-HARD-VOTE-P01-L1-LOW-CAL-OFFICIAL-R2:32_PER_CLASS-ER04:VS_STRONGEST,Lee2019_MI,A4-C4-MODEL-HARD-VOTE,P01-L1-LOW-CAL-OFFICIAL-R2:32_PER_CLASS,4,DNN-EEGNET,COMPLETE,6.0,0.0,0.8125,1.0,0.19047619047619047,-0.07000000000000006,0.04500000000000004
P02-A4-Lee2019_MI-ENSEMBLE-A4-C5-MODEL-PROB-AVG-P01-L1-LOW-CAL-OFFICIAL-R2:32_PER_CLASS-ER04:VS_STRONGEST,Lee2019_MI,A4-C5-MODEL-PROB-AVG,P01-L1-LOW-CAL-OFFICIAL-R2:32_PER_CLASS,4,DNN-EEGNET,COMPLETE,6.0,0.034999999999999976,0.21875,1.0,0.6190476190476191,-0.025000000000000022,0.10999999999999999
P02-A4-PhysioNetMI-ENSEMBLE-A4-C4-MODEL-HARD-VOTE-P01-L1-LOW-CAL-OFFICIAL-R2:64_PER_CLASS-ER00:VS_STRONGEST,PhysioNetMI,A4-C4-MODEL-HARD-VOTE,P01-L1-LOW-CAL-OFFICIAL-R2:64_PER_CLASS,0,DNN-EEGNET,COMPLETE,11.0,0.011904761904761862,0.7001953125,1.0,0.15151515151515152,-0.0625,0.020750988142292426
P02-A4-PhysioNetMI-ENSEMBLE-A4-C5-MODEL-PROB-AVG-P01-L1-LOW-CAL-OFFICIAL-R2:64_PER_CLASS-ER00:VS_STRONGEST,PhysioNetMI,A4-C5-MODEL-PROB-AVG,P01-L1-LOW-CAL-OFFICIAL-R2:64_PER_CLASS,0,DNN-EEGNET,COMPLETE,11.0,0.011904761904761862,0.431640625,1.0,0.3090909090909091,-0.0948616600790515,0.05731225296442688
P02-A4-PhysioNetMI-ENSEMBLE-A4-C4-MODEL-HARD-VOTE-P01-L1-LOW-CAL-OFFICIAL-R2:64_PER_CLASS-ER01:VS_STRONGEST,PhysioNetMI,A4-C4-MODEL-HARD-VOTE,P01-L1-LOW-CAL-OFFICIAL-R2:64_PER_CLASS,1,DNN-EEGNET,COMPLETE,11.0,0.023809523809523836,0.556640625,1.0,0.23636363636363636,-0.07440476190476192,0.05654761904761907
P02-A4-PhysioNetMI-ENSEMBLE-A4-C5-MODEL-PROB-AVG-P01-L1-LOW-CAL-OFFICIAL-R2:64_PER_CLASS-ER01:VS_STRONGEST,PhysioNetMI,A4-C5-MODEL-PROB-AVG,P01-L1-LOW-CAL-OFFICIAL-R2:64_PER_CLASS,1,DNN-EEGNET,COMPLETE,11.0,0.04644268774703553,0.2783203125,1.0,0.3939393939393939,-0.09226190476190477,0.08300395256916993
P02-A4-PhysioNetMI-ENSEMBLE-A4-C4-MODEL-HARD-VOTE-P01-L1-LOW-CAL-OFFICIAL-R2:64_PER_CLASS-ER02:VS_STRONGEST,PhysioNetMI,A4-C4-MODEL-HARD-VOTE,P01-L1-LOW-CAL-OFFICIAL-R2:64_PER_CLASS,2,DNN-EEGNET,COMPLETE,11.0,-0.011857707509881465,0.2783203125,0.556640625,-0.3939393939393939,-0.11011904761904756,-0.0009881422924900574
P02-A4-PhysioNetMI-ENSEMBLE-A4-C5-MODEL-PROB-AVG-P01-L1-LOW-CAL-OFFICIAL-R2:64_PER_CLASS-ER02:VS_STRONGEST,PhysioNetMI,A4-C5-MODEL-PROB-AVG,P01-L1-LOW-CAL-OFFICIAL-R2:64_PER_CLASS,2,DNN-EEGNET,COMPLETE,11.0,0.0029761904761904656,0.94921875,0.94921875,0.030303030303030304,-0.09288537549407117,0.04464285714285715
P02-A4-PhysioNetMI-ENSEMBLE-A4-C4-MODEL-HARD-VOTE-P01-L1-LOW-CAL-OFFICIAL-R2:64_PER_CLASS-ER03:VS_STRONGEST,PhysioNetMI,A4-C4-MODEL-HARD-VOTE,P01-L1-LOW-CAL-OFFICIAL-R2:64_PER_CLASS,3,DNN-EEGNET,COMPLETE,11.0,0.006916996047430901,0.5771484375,1.0,0.21212121212121213,-0.04249011857707519,0.031620553359683834
P02-A4-PhysioNetMI-ENSEMBLE-A4-C5-MODEL-PROB-AVG-P01-L1-LOW-CAL-OFFICIAL-R2:64_PER_CLASS-ER03:VS_STRONGEST,PhysioNetMI,A4-C5-MODEL-PROB-AVG,P01-L1-LOW-CAL-OFFICIAL-R2:64_PER_CLASS,3,DNN-EEGNET,COMPLETE,11.0,0.038690476190476164,0.4794921875,1.0,0.25757575757575757,-0.09226190476190477,0.08333333333333326
P02-A4-PhysioNetMI-ENSEMBLE-A4-C4-MODEL-HARD-VOTE-P01-L1-LOW-CAL-OFFICIAL-R2:64_PER_CLASS-ER04:VS_STRONGEST,PhysioNetMI,A4-C4-MODEL-HARD-VOTE,P01-L1-LOW-CAL-OFFICIAL-R2:64_PER_CLASS,4,DNN-EEGNET,COMPLETE,11.0,-0.023809523809523725,0.10546875,0.2109375,-0.6,-0.09189723320158105,-0.005952380952380931
P02-A4-PhysioNetMI-ENSEMBLE-A4-C5-MODEL-PROB-AVG-P01-L1-LOW-CAL-OFFICIAL-R2:64_PER_CLASS-ER04:VS_STRONGEST,PhysioNetMI,A4-C5-MODEL-PROB-AVG,P01-L1-LOW-CAL-OFFICIAL-R2:64_PER_CLASS,4,DNN-EEGNET,COMPLETE,11.0,-0.005952380952380931,0.4130859375,0.4130859375,-0.30303030303030304,-0.15118577075098816,0.028656126482213384
P02-A4-BNCI2014_001-ENSEMBLE-A4-C4-MODEL-HARD-VOTE-P01-L1-LOW-CAL-OFFICIAL-R2:64_PER_CLASS-ER00:VS_STRONGEST,BNCI2014_001,A4-C4-MODEL-HARD-VOTE,P01-L1-LOW-CAL-OFFICIAL-R2:64_PER_CLASS,0,DNN-EEGNET,COMPLETE,1.0,0.0,,,0.0,,
P02-A4-BNCI2014_001-ENSEMBLE-A4-C5-MODEL-PROB-AVG-P01-L1-LOW-CAL-OFFICIAL-R2:64_PER_CLASS-ER00:VS_STRONGEST,BNCI2014_001,A4-C5-MODEL-PROB-AVG,P01-L1-LOW-CAL-OFFICIAL-R2:64_PER_CLASS,0,DNN-EEGNET,COMPLETE,1.0,0.02430555555555547,,,1.0,,
P02-A4-BNCI2014_001-ENSEMBLE-A4-C4-MODEL-HARD-VOTE-P01-L1-LOW-CAL-OFFICIAL-R2:64_PER_CLASS-ER01:VS_STRONGEST,BNCI2014_001,A4-C4-MODEL-HARD-VOTE,P01-L1-LOW-CAL-OFFICIAL-R2:64_PER_CLASS,1,DNN-EEGNET,COMPLETE,1.0,0.0,,,0.0,,
P02-A4-BNCI2014_001-ENSEMBLE-A4-C5-MODEL-PROB-AVG-P01-L1-LOW-CAL-OFFICIAL-R2:64_PER_CLASS-ER01:VS_STRONGEST,BNCI2014_001,A4-C5-MODEL-PROB-AVG,P01-L1-LOW-CAL-OFFICIAL-R2:64_PER_CLASS,1,DNN-EEGNET,COMPLETE,1.0,-0.03819444444444442,,,-1.0,,
P02-A4-BNCI2014_001-ENSEMBLE-A4-C4-MODEL-HARD-VOTE-P01-L1-LOW-CAL-OFFICIAL-R2:64_PER_CLASS-ER02:VS_STRONGEST,BNCI2014_001,A4-C4-MODEL-HARD-VOTE,P01-L1-LOW-CAL-OFFICIAL-R2:64_PER_CLASS,2,DNN-EEGNET,COMPLETE,1.0,-0.00694444444444442,,,-1.0,,
P02-A4-BNCI2014_001-ENSEMBLE-A4-C5-MODEL-PROB-AVG-P01-L1-LOW-CAL-OFFICIAL-R2:64_PER_CLASS-ER02:VS_STRONGEST,BNCI2014_001,A4-C5-MODEL-PROB-AVG,P01-L1-LOW-CAL-OFFICIAL-R2:64_PER_CLASS,2,DNN-EEGNET,COMPLETE,1.0,-0.006944444444444531,,,-1.0,,
P02-A4-BNCI2014_001-ENSEMBLE-A4-C4-MODEL-HARD-VOTE-P01-L1-LOW-CAL-OFFICIAL-R2:64_PER_CLASS-ER03:VS_STRONGEST,BNCI2014_001,A4-C4-MODEL-HARD-VOTE,P01-L1-LOW-CAL-OFFICIAL-R2:64_PER_CLASS,3,DNN-EEGNET,COMPLETE,1.0,-0.01388888888888895,,,-1.0,,
P02-A4-BNCI2014_001-ENSEMBLE-A4-C5-MODEL-PROB-AVG-P01-L1-LOW-CAL-OFFICIAL-R2:64_PER_CLASS-ER03:VS_STRONGEST,BNCI2014_001,A4-C5-MODEL-PROB-AVG,P01-L1-LOW-CAL-OFFICIAL-R2:64_PER_CLASS,3,DNN-EEGNET,COMPLETE,1.0,-0.01388888888888895,,,-1.0,,
P02-A4-BNCI2014_001-ENSEMBLE-A4-C4-MODEL-HARD-VOTE-P01-L1-LOW-CAL-OFFICIAL-R2:64_PER_CLASS-ER04:VS_STRONGEST,BNCI2014_001,A4-C4-MODEL-HARD-VOTE,P01-L1-LOW-CAL-OFFICIAL-R2:64_PER_CLASS,4,DNN-EEGNET,COMPLETE,1.0,0.0,,,0.0,,
P02-A4-BNCI2014_001-ENSEMBLE-A4-C5-MODEL-PROB-AVG-P01-L1-LOW-CAL-OFFICIAL-R2:64_PER_CLASS-ER04:VS_STRONGEST,BNCI2014_001,A4-C5-MODEL-PROB-AVG,P01-L1-LOW-CAL-OFFICIAL-R2:64_PER_CLASS,4,DNN-EEGNET,COMPLETE,1.0,-0.00347222222222221,,,-1.0,,
P02-A4-Lee2019_MI-ENSEMBLE-A4-C4-MODEL-HARD-VOTE-P01-L1-LOW-CAL-OFFICIAL-R2:64_PER_CLASS-ER00:VS_STRONGEST,Lee2019_MI,A4-C4-MODEL-HARD-VOTE,P01-L1-LOW-CAL-OFFICIAL-R2:64_PER_CLASS,0,DNN-EEGNET,COMPLETE,6.0,0.009999999999999953,0.84375,1.0,0.14285714285714285,-0.10489493324025786,0.050000000000000044
P02-A4-Lee2019_MI-ENSEMBLE-A4-C5-MODEL-PROB-AVG-P01-L1-LOW-CAL-OFFICIAL-R2:64_PER_CLASS-ER00:VS_STRONGEST,Lee2019_MI,A4-C5-MODEL-PROB-AVG,P01-L1-LOW-CAL-OFFICIAL-R2:64_PER_CLASS,0,DNN-EEGNET,COMPLETE,6.0,0.04999999999999999,0.1875,1.0,0.8,-0.015000000000000013,0.08499999999999996
P02-A4-Lee2019_MI-ENSEMBLE-A4-C4-MODEL-HARD-VOTE-P01-L1-LOW-CAL-OFFICIAL-R2:64_PER_CLASS-ER01:VS_STRONGEST,Lee2019_MI,A4-C4-MODEL-HARD-VOTE,P01-L1-LOW-CAL-OFFICIAL-R2:64_PER_CLASS,1,DNN-EEGNET,COMPLETE,6.0,0.014999999999999958,0.5,1.0,0.5,-0.040000000000000036,0.040000000000000036
P02-A4-Lee2019_MI-ENSEMBLE-A4-C5-MODEL-PROB-AVG-P01-L1-LOW-CAL-OFFICIAL-R2:64_PER_CLASS-ER01:VS_STRONGEST,Lee2019_MI,A4-C5-MODEL-PROB-AVG,P01-L1-LOW-CAL-OFFICIAL-R2:64_PER_CLASS,1,DNN-EEGNET,COMPLETE,6.0,0.020000000000000018,0.3125,1.0,0.6,-0.04999999999999993,0.11000000000000004
P02-A4-Lee2019_MI-ENSEMBLE-A4-C4-MODEL-HARD-VOTE-P01-L1-LOW-CAL-OFFICIAL-R2:64_PER_CLASS-ER02:VS_STRONGEST,Lee2019_MI,A4-C4-MODEL-HARD-VOTE,P01-L1-LOW-CAL-OFFICIAL-R2:64_PER_CLASS,2,DNN-EEGNET,COMPLETE,6.0,0.024999999999999967,0.3125,0.625,0.5238095238095238,-0.03499999999999992,0.050000000000000044
P02-A4-Lee2019_MI-ENSEMBLE-A4-C5-MODEL-PROB-AVG-P01-L1-LOW-CAL-OFFICIAL-R2:64_PER_CLASS-ER02:VS_STRONGEST,Lee2019_MI,A4-C5-MODEL-PROB-AVG,P01-L1-LOW-CAL-OFFICIAL-R2:64_PER_CLASS,2,DNN-EEGNET,COMPLETE,6.0,0.024999999999999967,0.84375,0.84375,0.14285714285714285,-0.08696368691621484,0.09999999999999992
P02-A4-Lee2019_MI-ENSEMBLE-A4-C4-MODEL-HARD-VOTE-P01-L1-LOW-CAL-OFFICIAL-R2:64_PER_CLASS-ER03:VS_STRONGEST,Lee2019_MI,A4-C4-MODEL-HARD-VOTE,P01-L1-LOW-CAL-OFFICIAL-R2:64_PER_CLASS,3,DNN-EEGNET,COMPLETE,6.0,0.020000000000000018,0.6875,1.0,0.23809523809523808,-0.030000000000000027,0.03500000000000003
P02-A4-Lee2019_MI-ENSEMBLE-A4-C5-MODEL-PROB-AVG-P01-L1-LOW-CAL-OFFICIAL-R2:64_PER_CLASS-ER03:VS_STRONGEST,Lee2019_MI,A4-C5-MODEL-PROB-AVG,P01-L1-LOW-CAL-OFFICIAL-R2:64_PER_CLASS,3,DNN-EEGNET,COMPLETE,6.0,0.019999999999999962,0.25,1.0,0.6666666666666666,-0.020000000000000018,0.07999999999999996
P02-A4-Lee2019_MI-ENSEMBLE-A4-C4-MODEL-HARD-VOTE-P01-L1-LOW-CAL-OFFICIAL-R2:64_PER_CLASS-ER04:VS_STRONGEST,Lee2019_MI,A4-C4-MODEL-HARD-VOTE,P01-L1-LOW-CAL-OFFICIAL-R2:64_PER_CLASS,4,DNN-EEGNET,COMPLETE,6.0,0.04999999999999999,0.0625,0.125,0.9047619047619048,0.009999999999999953,0.07000000000000006
P02-A4-Lee2019_MI-ENSEMBLE-A4-C5-MODEL-PROB-AVG-P01-L1-LOW-CAL-OFFICIAL-R2:64_PER_CLASS-ER04:VS_STRONGEST,Lee2019_MI,A4-C5-MODEL-PROB-AVG,P01-L1-LOW-CAL-OFFICIAL-R2:64_PER_CLASS,4,DNN-EEGNET,COMPLETE,6.0,0.024999999999999967,0.28125,0.28125,0.5714285714285714,-0.06000000000000005,0.06000000000000005
P02-A4-PhysioNetMI-ENSEMBLE-A4-C4-MODEL-HARD-VOTE-P01-L1-LOW-CAL-OFFICIAL-R2:128_PER_CLASS-ER00:VS_STRONGEST,PhysioNetMI,A4-C4-MODEL-HARD-VOTE,P01-L1-LOW-CAL-OFFICIAL-R2:128_PER_CLASS,0,DNN-EEGNET,COMPLETE,11.0,-0.03869047619047611,0.064453125,0.12890625,-0.6727272727272727,-0.09980237154150196,0.0
P02-A4-PhysioNetMI-ENSEMBLE-A4-C5-MODEL-PROB-AVG-P01-L1-LOW-CAL-OFFICIAL-R2:128_PER_CLASS-ER00:VS_STRONGEST,PhysioNetMI,A4-C5-MODEL-PROB-AVG,P01-L1-LOW-CAL-OFFICIAL-R2:128_PER_CLASS,0,DNN-EEGNET,COMPLETE,11.0,-0.01976284584980237,0.322265625,0.322265625,-0.38181818181818183,-0.11011904761904756,0.0267857142857143
P02-A4-PhysioNetMI-ENSEMBLE-A4-C4-MODEL-HARD-VOTE-P01-L1-LOW-CAL-OFFICIAL-R2:128_PER_CLASS-ER01:VS_STRONGEST,PhysioNetMI,A4-C4-MODEL-HARD-VOTE,P01-L1-LOW-CAL-OFFICIAL-R2:128_PER_CLASS,1,DNN-EEGNET,COMPLETE,11.0,0.0029761904761904656,0.7646484375,1.0,-0.12121212121212122,-0.10671936758893275,0.0357142857142857
P02-A4-PhysioNetMI-ENSEMBLE-A4-C5-MODEL-PROB-AVG-P01-L1-LOW-CAL-OFFICIAL-R2:128_PER_CLASS-ER01:VS_STRONGEST,PhysioNetMI,A4-C5-MODEL-PROB-AVG,P01-L1-LOW-CAL-OFFICIAL-R2:128_PER_CLASS,1,DNN-EEGNET,COMPLETE,11.0,-0.017857142857142794,0.7001953125,1.0,-0.15151515151515152,-0.0839920948616601,0.04761904761904756
P02-A4-PhysioNetMI-ENSEMBLE-A4-C4-MODEL-HARD-VOTE-P01-L1-LOW-CAL-OFFICIAL-R2:128_PER_CLASS-ER02:VS_STRONGEST,PhysioNetMI,A4-C4-MODEL-HARD-VOTE,P01-L1-LOW-CAL-OFFICIAL-R2:128_PER_CLASS,2,DNN-EEGNET,COMPLETE,11.0,-0.022727272727272763,0.8984375,1.0,0.06060606060606061,-0.07411067193675891,0.031620553359683834
P02-A4-PhysioNetMI-ENSEMBLE-A4-C5-MODEL-PROB-AVG-P01-L1-LOW-CAL-OFFICIAL-R2:128_PER_CLASS-ER02:VS_STRONGEST,PhysioNetMI,A4-C5-MODEL-PROB-AVG,P01-L1-LOW-CAL-OFFICIAL-R2:128_PER_CLASS,2,DNN-EEGNET,COMPLETE,11.0,0.020833333333333315,0.5771484375,1.0,0.21212121212121213,-0.0810276679841897,0.04761904761904756
P02-A4-PhysioNetMI-ENSEMBLE-A4-C4-MODEL-HARD-VOTE-P01-L1-LOW-CAL-OFFICIAL-R2:128_PER_CLASS-ER03:VS_STRONGEST,PhysioNetMI,A4-C4-MODEL-HARD-VOTE,P01-L1-LOW-CAL-OFFICIAL-R2:128_PER_CLASS,3,DNN-EEGNET,COMPLETE,11.0,-0.020833333333333315,0.7001953125,1.0,-0.15151515151515152,-0.11857707509881421,0.023809523809523836
P02-A4-PhysioNetMI-ENSEMBLE-A4-C5-MODEL-PROB-AVG-P01-L1-LOW-CAL-OFFICIAL-R2:128_PER_CLASS-ER03:VS_STRONGEST,PhysioNetMI,A4-C5-MODEL-PROB-AVG,P01-L1-LOW-CAL-OFFICIAL-R2:128_PER_CLASS,3,DNN-EEGNET,COMPLETE,11.0,0.014880952380952384,0.451171875,1.0,0.2727272727272727,-0.06126482213438722,0.0625
P02-A4-PhysioNetMI-ENSEMBLE-A4-C4-MODEL-HARD-VOTE-P01-L1-LOW-CAL-OFFICIAL-R2:128_PER_CLASS-ER04:VS_STRONGEST,PhysioNetMI,A4-C4-MODEL-HARD-VOTE,P01-L1-LOW-CAL-OFFICIAL-R2:128_PER_CLASS,4,DNN-EEGNET,COMPLETE,11.0,-0.044642857142857095,0.2060546875,0.412109375,-0.45454545454545453,-0.12252964426877477,-0.009881422924901129
P02-A4-PhysioNetMI-ENSEMBLE-A4-C5-MODEL-PROB-AVG-P01-L1-LOW-CAL-OFFICIAL-R2:128_PER_CLASS-ER04:VS_STRONGEST,PhysioNetMI,A4-C5-MODEL-PROB-AVG,P01-L1-LOW-CAL-OFFICIAL-R2:128_PER_CLASS,4,DNN-EEGNET,COMPLETE,11.0,-0.04761904761904756,0.2783203125,0.412109375,-0.3939393939393939,-0.2243083003952569,0.0434782608695653
P02-A4-BNCI2014_001-ENSEMBLE-A4-C4-MODEL-HARD-VOTE-P01-L1-LOW-CAL-OFFICIAL-R2:128_PER_CLASS-ER00:VS_STRONGEST,BNCI2014_001,A4-C4-MODEL-HARD-VOTE,P01-L1-LOW-CAL-OFFICIAL-R2:128_PER_CLASS,0,CLS-CSP-LDA,COMPLETE,1.0,0.02430555555555558,,,1.0,,
P02-A4-BNCI2014_001-ENSEMBLE-A4-C5-MODEL-PROB-AVG-P01-L1-LOW-CAL-OFFICIAL-R2:128_PER_CLASS-ER00:VS_STRONGEST,BNCI2014_001,A4-C5-MODEL-PROB-AVG,P01-L1-LOW-CAL-OFFICIAL-R2:128_PER_CLASS,0,CLS-CSP-LDA,COMPLETE,1.0,0.01041666666666674,,,1.0,,
P02-A4-BNCI2014_001-ENSEMBLE-A4-C4-MODEL-HARD-VOTE-P01-L1-LOW-CAL-OFFICIAL-R2:128_PER_CLASS-ER01:VS_STRONGEST,BNCI2014_001,A4-C4-MODEL-HARD-VOTE,P01-L1-LOW-CAL-OFFICIAL-R2:128_PER_CLASS,1,CLS-CSP-LDA,COMPLETE,1.0,0.01388888888888895,,,1.0,,
P02-A4-BNCI2014_001-ENSEMBLE-A4-C5-MODEL-PROB-AVG-P01-L1-LOW-CAL-OFFICIAL-R2:128_PER_CLASS-ER01:VS_STRONGEST,BNCI2014_001,A4-C5-MODEL-PROB-AVG,P01-L1-LOW-CAL-OFFICIAL-R2:128_PER_CLASS,1,CLS-CSP-LDA,COMPLETE,1.0,0.03125,,,1.0,,
P02-A4-BNCI2014_001-ENSEMBLE-A4-C4-MODEL-HARD-VOTE-P01-L1-LOW-CAL-OFFICIAL-R2:128_PER_CLASS-ER02:VS_STRONGEST,BNCI2014_001,A4-C4-MODEL-HARD-VOTE,P01-L1-LOW-CAL-OFFICIAL-R2:128_PER_CLASS,2,CLS-CSP-LDA,COMPLETE,1.0,0.00347222222222221,,,1.0,,
P02-A4-BNCI2014_001-ENSEMBLE-A4-C5-MODEL-PROB-AVG-P01-L1-LOW-CAL-OFFICIAL-R2:128_PER_CLASS-ER02:VS_STRONGEST,BNCI2014_001,A4-C5-MODEL-PROB-AVG,P01-L1-LOW-CAL-OFFICIAL-R2:128_PER_CLASS,2,CLS-CSP-LDA,COMPLETE,1.0,-0.01736111111111105,,,-1.0,,
P02-A4-BNCI2014_001-ENSEMBLE-A4-C4-MODEL-HARD-VOTE-P01-L1-LOW-CAL-OFFICIAL-R2:128_PER_CLASS-ER03:VS_STRONGEST,BNCI2014_001,A4-C4-MODEL-HARD-VOTE,P01-L1-LOW-CAL-OFFICIAL-R2:128_PER_CLASS,3,CLS-CSP-LDA,COMPLETE,1.0,0.02777777777777779,,,1.0,,
P02-A4-BNCI2014_001-ENSEMBLE-A4-C5-MODEL-PROB-AVG-P01-L1-LOW-CAL-OFFICIAL-R2:128_PER_CLASS-ER03:VS_STRONGEST,BNCI2014_001,A4-C5-MODEL-PROB-AVG,P01-L1-LOW-CAL-OFFICIAL-R2:128_PER_CLASS,3,CLS-CSP-LDA,COMPLETE,1.0,0.05208333333333337,,,1.0,,
P02-A4-BNCI2014_001-ENSEMBLE-A4-C4-MODEL-HARD-VOTE-P01-L1-LOW-CAL-OFFICIAL-R2:128_PER_CLASS-ER04:VS_STRONGEST,BNCI2014_001,A4-C4-MODEL-HARD-VOTE,P01-L1-LOW-CAL-OFFICIAL-R2:128_PER_CLASS,4,CLS-CSP-LDA,COMPLETE,1.0,0.00347222222222221,,,1.0,,
P02-A4-BNCI2014_001-ENSEMBLE-A4-C5-MODEL-PROB-AVG-P01-L1-LOW-CAL-OFFICIAL-R2:128_PER_CLASS-ER04:VS_STRONGEST,BNCI2014_001,A4-C5-MODEL-PROB-AVG,P01-L1-LOW-CAL-OFFICIAL-R2:128_PER_CLASS,4,CLS-CSP-LDA,COMPLETE,1.0,0.05555555555555558,,,1.0,,
P02-A4-Lee2019_MI-ENSEMBLE-A4-C4-MODEL-HARD-VOTE-P01-L1-LOW-CAL-OFFICIAL-R2:128_PER_CLASS-ER00:VS_STRONGEST,Lee2019_MI,A4-C4-MODEL-HARD-VOTE,P01-L1-LOW-CAL-OFFICIAL-R2:128_PER_CLASS,0,DNN-EEGNET,COMPLETE,6.0,0.02999999999999997,0.21875,0.4375,0.6190476190476191,-0.050000000000000044,0.07999999999999996
P02-A4-Lee2019_MI-ENSEMBLE-A4-C5-MODEL-PROB-AVG-P01-L1-LOW-CAL-OFFICIAL-R2:128_PER_CLASS-ER00:VS_STRONGEST,Lee2019_MI,A4-C5-MODEL-PROB-AVG,P01-L1-LOW-CAL-OFFICIAL-R2:128_PER_CLASS,0,DNN-EEGNET,COMPLETE,6.0,0.08000000000000007,0.0625,0.4375,0.9047619047619048,-1.1102230246251565e-16,0.19999999999999996
P02-A4-Lee2019_MI-ENSEMBLE-A4-C4-MODEL-HARD-VOTE-P01-L1-LOW-CAL-OFFICIAL-R2:128_PER_CLASS-ER01:VS_STRONGEST,Lee2019_MI,A4-C4-MODEL-HARD-VOTE,P01-L1-LOW-CAL-OFFICIAL-R2:128_PER_CLASS,1,DNN-EEGNET,COMPLETE,6.0,0.04999999999999993,0.21875,0.4375,0.6190476190476191,-0.09999999999999998,0.15000000000000002
P02-A4-Lee2019_MI-ENSEMBLE-A4-C5-MODEL-PROB-AVG-P01-L1-LOW-CAL-OFFICIAL-R2:128_PER_CLASS-ER01:VS_STRONGEST,Lee2019_MI,A4-C5-MODEL-PROB-AVG,P01-L1-LOW-CAL-OFFICIAL-R2:128_PER_CLASS,1,DNN-EEGNET,COMPLETE,6.0,0.05999999999999994,0.03125,0.4375,1.0,0.030000000000000027,0.16000000000000003
P02-A4-Lee2019_MI-ENSEMBLE-A4-C4-MODEL-HARD-VOTE-P01-L1-LOW-CAL-OFFICIAL-R2:128_PER_CLASS-ER02:VS_STRONGEST,Lee2019_MI,A4-C4-MODEL-HARD-VOTE,P01-L1-LOW-CAL-OFFICIAL-R2:128_PER_CLASS,2,DNN-EEGNET,COMPLETE,6.0,0.04999999999999996,0.3125,0.625,0.5238095238095238,-0.04999999999999999,0.20499999999999993
P02-A4-Lee2019_MI-ENSEMBLE-A4-C5-MODEL-PROB-AVG-P01-L1-LOW-CAL-OFFICIAL-R2:128_PER_CLASS-ER02:VS_STRONGEST,Lee2019_MI,A4-C5-MODEL-PROB-AVG,P01-L1-LOW-CAL-OFFICIAL-R2:128_PER_CLASS,2,DNN-EEGNET,COMPLETE,6.0,0.04000000000000001,0.03125,0.625,1.0,0.010000000000000009,0.06000000000000005
P02-A4-Lee2019_MI-ENSEMBLE-A4-C4-MODEL-HARD-VOTE-P01-L1-LOW-CAL-OFFICIAL-R2:128_PER_CLASS-ER03:VS_STRONGEST,Lee2019_MI,A4-C4-MODEL-HARD-VOTE,P01-L1-LOW-CAL-OFFICIAL-R2:128_PER_CLASS,3,DNN-EEGNET,COMPLETE,6.0,0.06,0.1875,0.375,0.6666666666666666,-0.034999999999999976,0.16999999999999998
P02-A4-Lee2019_MI-ENSEMBLE-A4-C5-MODEL-PROB-AVG-P01-L1-LOW-CAL-OFFICIAL-R2:128_PER_CLASS-ER03:VS_STRONGEST,Lee2019_MI,A4-C5-MODEL-PROB-AVG,P01-L1-LOW-CAL-OFFICIAL-R2:128_PER_CLASS,3,DNN-EEGNET,COMPLETE,6.0,0.07500000000000001,0.21875,0.375,0.6190476190476191,-0.09000000000000008,0.10000000000000003
P02-A4-Lee2019_MI-ENSEMBLE-A4-C4-MODEL-HARD-VOTE-P01-L1-LOW-CAL-OFFICIAL-R2:128_PER_CLASS-ER04:VS_STRONGEST,Lee2019_MI,A4-C4-MODEL-HARD-VOTE,P01-L1-LOW-CAL-OFFICIAL-R2:128_PER_CLASS,4,DNN-EEGNET,COMPLETE,6.0,0.035,0.4375,0.875,0.42857142857142855,-0.06999999999999995,0.1299999999999999
P02-A4-Lee2019_MI-ENSEMBLE-A4-C5-MODEL-PROB-AVG-P01-L1-LOW-CAL-OFFICIAL-R2:128_PER_CLASS-ER04:VS_STRONGEST,Lee2019_MI,A4-C5-MODEL-PROB-AVG,P01-L1-LOW-CAL-OFFICIAL-R2:128_PER_CLASS,4,DNN-EEGNET,COMPLETE,6.0,0.095,0.0625,0.875,0.9047619047619048,0.009999999999999953,0.195
P02-A4-PhysioNetMI-ENSEMBLE-A4-C4-MODEL-HARD-VOTE-P01-L1-LOW-CAL-OFFICIAL-R2:256_PER_CLASS-ER00:VS_STRONGEST,PhysioNetMI,A4-C4-MODEL-HARD-VOTE,P01-L1-LOW-CAL-OFFICIAL-R2:256_PER_CLASS,0,DNN-EEGNET,COMPLETE,11.0,0.0,1.0,1.0,-0.01818181818181818,-0.06422924901185767,0.038690476190476164
P02-A4-PhysioNetMI-ENSEMBLE-A4-C5-MODEL-PROB-AVG-P01-L1-LOW-CAL-OFFICIAL-R2:256_PER_CLASS-ER00:VS_STRONGEST,PhysioNetMI,A4-C5-MODEL-PROB-AVG,P01-L1-LOW-CAL-OFFICIAL-R2:256_PER_CLASS,0,DNN-EEGNET,COMPLETE,11.0,-0.014880952380952439,0.6376953125,1.0,-0.18181818181818182,-0.07440476190476186,0.00297619047619041
P02-A4-PhysioNetMI-ENSEMBLE-A4-C4-MODEL-HARD-VOTE-P01-L1-LOW-CAL-OFFICIAL-R2:256_PER_CLASS-ER01:VS_STRONGEST,PhysioNetMI,A4-C4-MODEL-HARD-VOTE,P01-L1-LOW-CAL-OFFICIAL-R2:256_PER_CLASS,1,DNN-EEGNET,COMPLETE,11.0,-0.0029761904761904656,0.2685546875,0.537109375,-0.3939393939393939,-0.1517857142857143,0.03162055335968372
P02-A4-PhysioNetMI-ENSEMBLE-A4-C5-MODEL-PROB-AVG-P01-L1-LOW-CAL-OFFICIAL-R2:256_PER_CLASS-ER01:VS_STRONGEST,PhysioNetMI,A4-C5-MODEL-PROB-AVG,P01-L1-LOW-CAL-OFFICIAL-R2:256_PER_CLASS,1,DNN-EEGNET,COMPLETE,11.0,-0.0892857142857143,0.0673828125,0.537109375,-0.6363636363636364,-0.20355731225296447,-0.02976190476190471
P02-A4-PhysioNetMI-ENSEMBLE-A4-C4-MODEL-HARD-VOTE-P01-L1-LOW-CAL-OFFICIAL-R2:256_PER_CLASS-ER02:VS_STRONGEST,PhysioNetMI,A4-C4-MODEL-HARD-VOTE,P01-L1-LOW-CAL-OFFICIAL-R2:256_PER_CLASS,2,DNN-EEGNET,COMPLETE,11.0,-0.026679841897233214,0.1748046875,0.349609375,-0.48484848484848486,-0.10671936758893286,-0.004940711462450675
P02-A4-PhysioNetMI-ENSEMBLE-A4-C5-MODEL-PROB-AVG-P01-L1-LOW-CAL-OFFICIAL-R2:256_PER_CLASS-ER02:VS_STRONGEST,PhysioNetMI,A4-C5-MODEL-PROB-AVG,P01-L1-LOW-CAL-OFFICIAL-R2:256_PER_CLASS,2,DNN-EEGNET,COMPLETE,11.0,-0.048418972332015864,0.365234375,0.365234375,-0.3333333333333333,-0.11857707509881427,0.04249011857707513
P02-A4-PhysioNetMI-ENSEMBLE-A4-C4-MODEL-HARD-VOTE-P01-L1-LOW-CAL-OFFICIAL-R2:256_PER_CLASS-ER03:VS_STRONGEST,PhysioNetMI,A4-C4-MODEL-HARD-VOTE,P01-L1-LOW-CAL-OFFICIAL-R2:256_PER_CLASS,3,DNN-EEGNET,COMPLETE,11.0,0.0029761904761904656,0.91015625,1.0,0.06666666666666667,-0.09226190476190477,0.014822134387351804
P02-A4-PhysioNetMI-ENSEMBLE-A4-C5-MODEL-PROB-AVG-P01-L1-LOW-CAL-OFFICIAL-R2:256_PER_CLASS-ER03:VS_STRONGEST,PhysioNetMI,A4-C5-MODEL-PROB-AVG,P01-L1-LOW-CAL-OFFICIAL-R2:256_PER_CLASS,3,DNN-EEGNET,COMPLETE,11.0,-0.01778656126482203,0.51953125,1.0,-0.24242424242424243,-0.11462450592885387,0.04150197628458496
P02-A4-PhysioNetMI-ENSEMBLE-A4-C4-MODEL-HARD-VOTE-P01-L1-LOW-CAL-OFFICIAL-R2:256_PER_CLASS-ER04:VS_STRONGEST,PhysioNetMI,A4-C4-MODEL-HARD-VOTE,P01-L1-LOW-CAL-OFFICIAL-R2:256_PER_CLASS,4,DNN-EEGNET,COMPLETE,11.0,0.008928571428571397,0.8984375,1.0,-0.06060606060606061,-0.14880952380952378,0.0267857142857143
P02-A4-PhysioNetMI-ENSEMBLE-A4-C5-MODEL-PROB-AVG-P01-L1-LOW-CAL-OFFICIAL-R2:256_PER_CLASS-ER04:VS_STRONGEST,PhysioNetMI,A4-C5-MODEL-PROB-AVG,P01-L1-LOW-CAL-OFFICIAL-R2:256_PER_CLASS,4,DNN-EEGNET,COMPLETE,11.0,-0.025691699604743157,0.232421875,1.0,-0.45454545454545453,-0.13043478260869568,0.03273809523809523
P02-A4-BNCI2014_001-ENSEMBLE-A4-C4-MODEL-HARD-VOTE-P01-L1-LOW-CAL-OFFICIAL-R2:256_PER_CLASS-ER00:VS_STRONGEST,BNCI2014_001,A4-C4-MODEL-HARD-VOTE,P01-L1-LOW-CAL-OFFICIAL-R2:256_PER_CLASS,0,DNN-EEGNET,COMPLETE,1.0,-0.01736111111111105,,,-1.0,,
P02-A4-BNCI2014_001-ENSEMBLE-A4-C5-MODEL-PROB-AVG-P01-L1-LOW-CAL-OFFICIAL-R2:256_PER_CLASS-ER00:VS_STRONGEST,BNCI2014_001,A4-C5-MODEL-PROB-AVG,P01-L1-LOW-CAL-OFFICIAL-R2:256_PER_CLASS,0,DNN-EEGNET,COMPLETE,1.0,-0.04513888888888895,,,-1.0,,
P02-A4-BNCI2014_001-ENSEMBLE-A4-C4-MODEL-HARD-VOTE-P01-L1-LOW-CAL-OFFICIAL-R2:256_PER_CLASS-ER01:VS_STRONGEST,BNCI2014_001,A4-C4-MODEL-HARD-VOTE,P01-L1-LOW-CAL-OFFICIAL-R2:256_PER_CLASS,1,DNN-EEGNET,COMPLETE,1.0,0.01388888888888884,,,1.0,,
P02-A4-BNCI2014_001-ENSEMBLE-A4-C5-MODEL-PROB-AVG-P01-L1-LOW-CAL-OFFICIAL-R2:256_PER_CLASS-ER01:VS_STRONGEST,BNCI2014_001,A4-C5-MODEL-PROB-AVG,P01-L1-LOW-CAL-OFFICIAL-R2:256_PER_CLASS,1,DNN-EEGNET,COMPLETE,1.0,-0.04513888888888884,,,-1.0,,
P02-A4-BNCI2014_001-ENSEMBLE-A4-C4-MODEL-HARD-VOTE-P01-L1-LOW-CAL-OFFICIAL-R2:256_PER_CLASS-ER02:VS_STRONGEST,BNCI2014_001,A4-C4-MODEL-HARD-VOTE,P01-L1-LOW-CAL-OFFICIAL-R2:256_PER_CLASS,2,DNN-EEGNET,COMPLETE,1.0,0.06944444444444453,,,1.0,,
P02-A4-BNCI2014_001-ENSEMBLE-A4-C5-MODEL-PROB-AVG-P01-L1-LOW-CAL-OFFICIAL-R2:256_PER_CLASS-ER02:VS_STRONGEST,BNCI2014_001,A4-C5-MODEL-PROB-AVG,P01-L1-LOW-CAL-OFFICIAL-R2:256_PER_CLASS,2,DNN-EEGNET,COMPLETE,1.0,0.01041666666666674,,,1.0,,
P02-A4-BNCI2014_001-ENSEMBLE-A4-C4-MODEL-HARD-VOTE-P01-L1-LOW-CAL-OFFICIAL-R2:256_PER_CLASS-ER03:VS_STRONGEST,BNCI2014_001,A4-C4-MODEL-HARD-VOTE,P01-L1-LOW-CAL-OFFICIAL-R2:256_PER_CLASS,3,DNN-EEGNET,COMPLETE,1.0,0.01736111111111116,,,1.0,,
P02-A4-BNCI2014_001-ENSEMBLE-A4-C5-MODEL-PROB-AVG-P01-L1-LOW-CAL-OFFICIAL-R2:256_PER_CLASS-ER03:VS_STRONGEST,BNCI2014_001,A4-C5-MODEL-PROB-AVG,P01-L1-LOW-CAL-OFFICIAL-R2:256_PER_CLASS,3,DNN-EEGNET,COMPLETE,1.0,-0.01736111111111105,,,-1.0,,
P02-A4-BNCI2014_001-ENSEMBLE-A4-C4-MODEL-HARD-VOTE-P01-L1-LOW-CAL-OFFICIAL-R2:256_PER_CLASS-ER04:VS_STRONGEST,BNCI2014_001,A4-C4-MODEL-HARD-VOTE,P01-L1-LOW-CAL-OFFICIAL-R2:256_PER_CLASS,4,DNN-EEGNET,COMPLETE,1.0,0.03819444444444442,,,1.0,,
P02-A4-BNCI2014_001-ENSEMBLE-A4-C5-MODEL-PROB-AVG-P01-L1-LOW-CAL-OFFICIAL-R2:256_PER_CLASS-ER04:VS_STRONGEST,BNCI2014_001,A4-C5-MODEL-PROB-AVG,P01-L1-LOW-CAL-OFFICIAL-R2:256_PER_CLASS,4,DNN-EEGNET,COMPLETE,1.0,-0.00347222222222221,,,-1.0,,
P02-A4-Lee2019_MI-ENSEMBLE-A4-C4-MODEL-HARD-VOTE-P01-L1-LOW-CAL-OFFICIAL-R2:256_PER_CLASS-ER00:VS_STRONGEST,Lee2019_MI,A4-C4-MODEL-HARD-VOTE,P01-L1-LOW-CAL-OFFICIAL-R2:256_PER_CLASS,0,DNN-EEGNET,COMPLETE,6.0,0.015000000000000013,0.1875,0.375,0.6190476190476191,-0.07999999999999996,0.09000000000000002
P02-A4-Lee2019_MI-ENSEMBLE-A4-C5-MODEL-PROB-AVG-P01-L1-LOW-CAL-OFFICIAL-R2:256_PER_CLASS-ER00:VS_STRONGEST,Lee2019_MI,A4-C5-MODEL-PROB-AVG,P01-L1-LOW-CAL-OFFICIAL-R2:256_PER_CLASS,0,DNN-EEGNET,COMPLETE,6.0,0.08000000000000007,0.4375,0.4375,0.42857142857142855,-0.07999999999999996,0.1399999999999999
P02-A4-Lee2019_MI-ENSEMBLE-A4-C4-MODEL-HARD-VOTE-P01-L1-LOW-CAL-OFFICIAL-R2:256_PER_CLASS-ER01:VS_STRONGEST,Lee2019_MI,A4-C4-MODEL-HARD-VOTE,P01-L1-LOW-CAL-OFFICIAL-R2:256_PER_CLASS,1,DNN-EEGNET,COMPLETE,6.0,0.06000000000000005,0.40625,0.8125,0.42857142857142855,-0.0699999999999999,0.12
P02-A4-Lee2019_MI-ENSEMBLE-A4-C5-MODEL-PROB-AVG-P01-L1-LOW-CAL-OFFICIAL-R2:256_PER_CLASS-ER01:VS_STRONGEST,Lee2019_MI,A4-C5-MODEL-PROB-AVG,P01-L1-LOW-CAL-OFFICIAL-R2:256_PER_CLASS,1,DNN-EEGNET,COMPLETE,6.0,0.06000000000000005,0.34375,0.8125,0.47619047619047616,-0.05999999999999994,0.09499999999999997
P02-A4-Lee2019_MI-ENSEMBLE-A4-C4-MODEL-HARD-VOTE-P01-L1-LOW-CAL-OFFICIAL-R2:256_PER_CLASS-ER02:VS_STRONGEST,Lee2019_MI,A4-C4-MODEL-HARD-VOTE,P01-L1-LOW-CAL-OFFICIAL-R2:256_PER_CLASS,2,DNN-EEGNET,COMPLETE,6.0,0.05499999999999994,0.5625,1.0,0.3333333333333333,-0.09999999999999992,0.06000000000000005
P02-A4-Lee2019_MI-ENSEMBLE-A4-C5-MODEL-PROB-AVG-P01-L1-LOW-CAL-OFFICIAL-R2:256_PER_CLASS-ER02:VS_STRONGEST,Lee2019_MI,A4-C5-MODEL-PROB-AVG,P01-L1-LOW-CAL-OFFICIAL-R2:256_PER_CLASS,2,DNN-EEGNET,COMPLETE,6.0,0.040000000000000036,0.40625,1.0,0.42857142857142855,-0.22000000000000008,0.07999999999999996
P02-A4-Lee2019_MI-ENSEMBLE-A4-C4-MODEL-HARD-VOTE-P01-L1-LOW-CAL-OFFICIAL-R2:256_PER_CLASS-ER03:VS_STRONGEST,Lee2019_MI,A4-C4-MODEL-HARD-VOTE,P01-L1-LOW-CAL-OFFICIAL-R2:256_PER_CLASS,3,DNN-EEGNET,COMPLETE,6.0,0.010000000000000009,0.8125,1.0,0.2,-0.18000000000000005,0.06000000000000005
P02-A4-Lee2019_MI-ENSEMBLE-A4-C5-MODEL-PROB-AVG-P01-L1-LOW-CAL-OFFICIAL-R2:256_PER_CLASS-ER03:VS_STRONGEST,Lee2019_MI,A4-C5-MODEL-PROB-AVG,P01-L1-LOW-CAL-OFFICIAL-R2:256_PER_CLASS,3,DNN-EEGNET,COMPLETE,6.0,0.030000000000000027,0.40625,1.0,0.42857142857142855,-0.11000000000000004,0.12499999999999994
P02-A4-Lee2019_MI-ENSEMBLE-A4-C4-MODEL-HARD-VOTE-P01-L1-LOW-CAL-OFFICIAL-R2:256_PER_CLASS-ER04:VS_STRONGEST,Lee2019_MI,A4-C4-MODEL-HARD-VOTE,P01-L1-LOW-CAL-OFFICIAL-R2:256_PER_CLASS,4,DNN-EEGNET,COMPLETE,6.0,0.06000000000000005,0.15625,0.3125,0.7142857142857143,-0.024999999999999967,0.19999999999999996
P02-A4-Lee2019_MI-ENSEMBLE-A4-C5-MODEL-PROB-AVG-P01-L1-LOW-CAL-OFFICIAL-R2:256_PER_CLASS-ER04:VS_STRONGEST,Lee2019_MI,A4-C5-MODEL-PROB-AVG,P01-L1-LOW-CAL-OFFICIAL-R2:256_PER_CLASS,4,DNN-EEGNET,COMPLETE,6.0,0.08999999999999997,0.0625,0.3125,0.9047619047619048,0.00500000000000006,0.20999999999999996
